[{"model": "contenttypes.contenttype", "pk": 1, "fields": {"app_label": "admin", "model": "logentry"}}, {"model": "contenttypes.contenttype", "pk": 2, "fields": {"app_label": "auth", "model": "group"}}, {"model": "contenttypes.contenttype", "pk": 3, "fields": {"app_label": "auth", "model": "user"}}, {"model": "contenttypes.contenttype", "pk": 4, "fields": {"app_label": "auth", "model": "permission"}}, {"model": "contenttypes.contenttype", "pk": 5, "fields": {"app_label": "contenttypes", "model": "contenttype"}}, {"model": "contenttypes.contenttype", "pk": 6, "fields": {"app_label": "sessions", "model": "session"}}, {"model": "contenttypes.contenttype", "pk": 7, "fields": {"app_label": "authtoken", "model": "token"}}, {"model": "contenttypes.contenttype", "pk": 8, "fields": {"app_label": "userinfo", "model": "masterskill"}}, {"model": "contenttypes.contenttype", "pk": 9, "fields": {"app_label": "userinfo", "model": "userprofile"}}, {"model": "contenttypes.contenttype", "pk": 10, "fields": {"app_label": "userinfo", "model": "masterdesignation"}}, {"model": "contenttypes.contenttype", "pk": 11, "fields": {"app_label": "userinfo", "model": "masterbenefit"}}, {"model": "contenttypes.contenttype", "pk": 12, "fields": {"app_label": "userinfo", "model": "masterscreeningquestion"}}, {"model": "contenttypes.contenttype", "pk": 13, "fields": {"app_label": "userinfo", "model": "masterscreeninganswer"}}, {"model": "contenttypes.contenttype", "pk": 14, "fields": {"app_label": "userinfo", "model": "userdevicelog"}}, {"model": "contenttypes.contenttype", "pk": 15, "fields": {"app_label": "userinfo", "model": "masterinstitution"}}, {"model": "contenttypes.contenttype", "pk": 16, "fields": {"app_label": "userinfo", "model": "cms"}}, {"model": "contenttypes.contenttype", "pk": 17, "fields": {"app_label": "userinfo", "model": "masterkeyskill"}}, {"model": "contenttypes.contenttype", "pk": 18, "fields": {"app_label": "userinfo", "model": "feedback"}}, {"model": "contenttypes.contenttype", "pk": 19, "fields": {"app_label": "userinfo", "model": "mastercountry"}}, {"model": "contenttypes.contenttype", "pk": 20, "fields": {"app_label": "userinfo", "model": "masterdegree"}}, {"model": "contenttypes.contenttype", "pk": 21, "fields": {"app_label": "userinfo", "model": "usernotificationstatus"}}, {"model": "contenttypes.contenttype", "pk": 22, "fields": {"app_label": "userinfo", "model": "masterindustrytype"}}, {"model": "contenttypes.contenttype", "pk": 23, "fields": {"app_label": "userinfo", "model": "userlocation"}}, {"model": "contenttypes.contenttype", "pk": 24, "fields": {"app_label": "userinfo", "model": "otptable"}}, {"model": "contenttypes.contenttype", "pk": 25, "fields": {"app_label": "candidate", "model": "candidateblockedcompany"}}, {"model": "contenttypes.contenttype", "pk": 26, "fields": {"app_label": "candidate", "model": "candidateprofilecompletion"}}, {"model": "contenttypes.contenttype", "pk": 27, "fields": {"app_label": "candidate", "model": "candidatescreeninganswer"}}, {"model": "contenttypes.contenttype", "pk": 28, "fields": {"app_label": "candidate", "model": "candidateeducation"}}, {"model": "contenttypes.contenttype", "pk": 29, "fields": {"app_label": "candidate", "model": "candidatebasicinfo"}}, {"model": "contenttypes.contenttype", "pk": 30, "fields": {"app_label": "candidate", "model": "candidateappliedjd"}}, {"model": "contenttypes.contenttype", "pk": 31, "fields": {"app_label": "candidate", "model": "candidatekeyskill"}}, {"model": "contenttypes.contenttype", "pk": 32, "fields": {"app_label": "recruiter", "model": "recruitercompany"}}, {"model": "contenttypes.contenttype", "pk": 33, "fields": {"app_label": "recruiter", "model": "jdscreeningquestionassigned"}}, {"model": "contenttypes.contenttype", "pk": 34, "fields": {"app_label": "recruiter", "model": "jobdescription"}}, {"model": "contenttypes.contenttype", "pk": 35, "fields": {"app_label": "recruiter", "model": "jdstatuslog"}}, {"model": "contenttypes.contenttype", "pk": 36, "fields": {"app_label": "recruiter", "model": "recruitercompanymedia"}}, {"model": "contenttypes.contenttype", "pk": 37, "fields": {"app_label": "recruiter", "model": "jdkeyskill"}}, {"model": "contenttypes.contenttype", "pk": 38, "fields": {"app_label": "recruiter", "model": "recruitercompanyrockstar"}}, {"model": "contenttypes.contenttype", "pk": 39, "fields": {"app_label": "recruiter", "model": "recruiterbasicinfo"}}, {"model": "contenttypes.contenttype", "pk": 40, "fields": {"app_label": "student", "model": "userprofile"}}, {"model": "contenttypes.contenttype", "pk": 41, "fields": {"app_label": "student", "model": "task"}}, {"model": "contenttypes.contenttype", "pk": 45, "fields": {"app_label": "student", "model": "assigntask"}}, {"model": "contenttypes.contenttype", "pk": 46, "fields": {"app_label": "blog", "model": "questions"}}, {"model": "contenttypes.contenttype", "pk": 47, "fields": {"app_label": "blog", "model": "userprofile"}}, {"model": "contenttypes.contenttype", "pk": 48, "fields": {"app_label": "blog", "model": "questioncomment"}}, {"model": "contenttypes.contenttype", "pk": 49, "fields": {"app_label": "blog", "model": "recomded"}}, {"model": "contenttypes.contenttype", "pk": 50, "fields": {"app_label": "example", "model": "book"}}, {"model": "contenttypes.contenttype", "pk": 51, "fields": {"app_label": "street", "model": "userprofile"}}, {"model": "contenttypes.contenttype", "pk": 52, "fields": {"app_label": "street", "model": "prayerrequest"}}, {"model": "contenttypes.contenttype", "pk": 53, "fields": {"app_label": "street", "model": "like"}}, {"model": "contenttypes.contenttype", "pk": 54, "fields": {"app_label": "street", "model": "upcoming"}}, {"model": "contenttypes.contenttype", "pk": 55, "fields": {"app_label": "street", "model": "langauage"}}, {"model": "contenttypes.contenttype", "pk": 56, "fields": {"app_label": "street", "model": "usermedia"}}, {"model": "contenttypes.contenttype", "pk": 57, "fields": {"app_label": "street", "model": "notification"}}, {"model": "contenttypes.contenttype", "pk": 58, "fields": {"app_label": "street", "model": "about"}}, {"model": "sessions.session", "pk": "333pr4qz4nabfih8qprddocecrxk0apu", "fields": {"session_data": "NDY2MzE2MWZiMzVkZjU5YzE1NzEzOWM3N2U0ZWQ1MTc4N2NkNTI4ZDp7Il9hdXRoX3VzZXJfaGFzaCI6IjliMzA0ZDE2MDA3NjViZWZiMTM5N2FiNmQ4M2M2YTljNjc4YzhmMjIiLCJfYXV0aF91c2VyX2JhY2tlbmQiOiJkamFuZ28uY29udHJpYi5hdXRoLmJhY2tlbmRzLk1vZGVsQmFja2VuZCIsIl9hdXRoX3VzZXJfaWQiOiIxIn0=", "expire_date": "2017-09-09T06:01:24.735Z"}}, {"model": "sessions.session", "pk": "37p7r00vf6ca1sin4vafyqlp5v2s4jao", "fields": {"session_data": "MmMzY2Q1ZDhjMGY2Njc4MmIyMzdiOTM3MjFlMzYwOTQzYTZkZjhkMzp7Il9hdXRoX3VzZXJfaGFzaCI6Ijg5NWQxMjViMWFiMjY0M2I1ZWY0NzJjNTkyOTkzMjY3OWE5ZmI4ZTAiLCJfYXV0aF91c2VyX2JhY2tlbmQiOiJkamFuZ28uY29udHJpYi5hdXRoLmJhY2tlbmRzLk1vZGVsQmFja2VuZCIsIl9hdXRoX3VzZXJfaWQiOiIxIn0=", "expire_date": "2018-01-17T06:43:37.245Z"}}, {"model": "sessions.session", "pk": "4tkk9766mfcvkwgcw4htppvadnyf9jzp", "fields": {"session_data": "NWZlOWE3NWExMGE4NzRmMmViZTk1YTZkYzUzZjgwMjExM2U3MDcxODp7Il9hdXRoX3VzZXJfaGFzaCI6ImMxMTY1NjljZTkyODUyNzkyNDlkMDE4NWE5ZmQ0MmRlNjcxNzRmMzEiLCJfYXV0aF91c2VyX2JhY2tlbmQiOiJkamFuZ28uY29udHJpYi5hdXRoLmJhY2tlbmRzLk1vZGVsQmFja2VuZCIsIl9hdXRoX3VzZXJfaWQiOiIxIn0=", "expire_date": "2017-12-21T13:04:35.260Z"}}, {"model": "sessions.session", "pk": "cg1durcr9vavak73ybhi4hy1tgs5f5sr", "fields": {"session_data": "MmMzY2Q1ZDhjMGY2Njc4MmIyMzdiOTM3MjFlMzYwOTQzYTZkZjhkMzp7Il9hdXRoX3VzZXJfaGFzaCI6Ijg5NWQxMjViMWFiMjY0M2I1ZWY0NzJjNTkyOTkzMjY3OWE5ZmI4ZTAiLCJfYXV0aF91c2VyX2JhY2tlbmQiOiJkamFuZ28uY29udHJpYi5hdXRoLmJhY2tlbmRzLk1vZGVsQmFja2VuZCIsIl9hdXRoX3VzZXJfaWQiOiIxIn0=", "expire_date": "2018-01-05T16:06:09.883Z"}}, {"model": "sessions.session", "pk": "f1gnaoa5giq9jq5aysadqijlzhfsok90", "fields": {"session_data": "MmMzY2Q1ZDhjMGY2Njc4MmIyMzdiOTM3MjFlMzYwOTQzYTZkZjhkMzp7Il9hdXRoX3VzZXJfaGFzaCI6Ijg5NWQxMjViMWFiMjY0M2I1ZWY0NzJjNTkyOTkzMjY3OWE5ZmI4ZTAiLCJfYXV0aF91c2VyX2JhY2tlbmQiOiJkamFuZ28uY29udHJpYi5hdXRoLmJhY2tlbmRzLk1vZGVsQmFja2VuZCIsIl9hdXRoX3VzZXJfaWQiOiIxIn0=", "expire_date": "2018-01-05T07:06:01.738Z"}}, {"model": "sessions.session", "pk": "hub8lthe627gp8lmrih9f9kgdyxr1tvd", "fields": {"session_data": "Y2YxYzA1ZGVhMWZmN2JlYjEzZjVkZDI5NWEwM2M0MzJhMWI0MTM4MDp7Il9hdXRoX3VzZXJfaGFzaCI6ImUyZTVhMWI1MWUxZDI1Nzk0NDYyODM1YjczYWJkOGI4MDVhOGJiZmMiLCJfYXV0aF91c2VyX2JhY2tlbmQiOiJkamFuZ28uY29udHJpYi5hdXRoLmJhY2tlbmRzLk1vZGVsQmFja2VuZCIsIl9hdXRoX3VzZXJfaWQiOiIxIn0=", "expire_date": "2017-12-16T06:04:26.753Z"}}, {"model": "sessions.session", "pk": "itob26atso93yzb7bzhkvu5gwxn34g4v", "fields": {"session_data": "MDAyZjMwMzI0YzRiMTk3YTc4NDI0ZDBjYWI4ZjUxYmM2NzJkN2MwYjp7Il9hdXRoX3VzZXJfaGFzaCI6IjU2M2FhMzg1ZTUwOTgyZGQ3ZTBkMGM3OWUwYTQ2NTY5ZTBjOTIxMWQiLCJfYXV0aF91c2VyX2JhY2tlbmQiOiJkamFuZ28uY29udHJpYi5hdXRoLmJhY2tlbmRzLk1vZGVsQmFja2VuZCIsIl9hdXRoX3VzZXJfaWQiOiI5In0=", "expire_date": "2017-10-21T15:32:23.841Z"}}, {"model": "sessions.session", "pk": "j35f0ibxngcohsazjo8yzbh0p54eu5jg", "fields": {"session_data": "NDY2MzE2MWZiMzVkZjU5YzE1NzEzOWM3N2U0ZWQ1MTc4N2NkNTI4ZDp7Il9hdXRoX3VzZXJfaGFzaCI6IjliMzA0ZDE2MDA3NjViZWZiMTM5N2FiNmQ4M2M2YTljNjc4YzhmMjIiLCJfYXV0aF91c2VyX2JhY2tlbmQiOiJkamFuZ28uY29udHJpYi5hdXRoLmJhY2tlbmRzLk1vZGVsQmFja2VuZCIsIl9hdXRoX3VzZXJfaWQiOiIxIn0=", "expire_date": "2017-09-08T10:29:16.290Z"}}, {"model": "sessions.session", "pk": "q1rxi0cg01xzwi2wor8vjzrwycmrv14s", "fields": {"session_data": "MjNmYTJlYzM0NGNkN2U2OTI2OTMxNDVlY2E4Y2Y3MGU2ZjhmMDc1Yjp7Il9hdXRoX3VzZXJfaGFzaCI6IjgxYzhlNjIwOWVjMGIyODRmNGQyZmNiMThhZWNjNmJmYTliNGUzMDYiLCJfYXV0aF91c2VyX2JhY2tlbmQiOiJkamFuZ28uY29udHJpYi5hdXRoLmJhY2tlbmRzLk1vZGVsQmFja2VuZCIsIl9hdXRoX3VzZXJfaWQiOiIxIn0=", "expire_date": "2018-01-04T06:24:55.705Z"}}, {"model": "sessions.session", "pk": "t7ve2ycb4z58pj61kuks3rhzg2o6h6bi", "fields": {"session_data": "MmMzY2Q1ZDhjMGY2Njc4MmIyMzdiOTM3MjFlMzYwOTQzYTZkZjhkMzp7Il9hdXRoX3VzZXJfaGFzaCI6Ijg5NWQxMjViMWFiMjY0M2I1ZWY0NzJjNTkyOTkzMjY3OWE5ZmI4ZTAiLCJfYXV0aF91c2VyX2JhY2tlbmQiOiJkamFuZ28uY29udHJpYi5hdXRoLmJhY2tlbmRzLk1vZGVsQmFja2VuZCIsIl9hdXRoX3VzZXJfaWQiOiIxIn0=", "expire_date": "2018-01-05T04:23:54.572Z"}}, {"model": "sessions.session", "pk": "tcc7b9zjm4gx6pffnrlw2t2y2zikkm2a", "fields": {"session_data": "NDJhNTE3M2MwNTQ3NjUzYmRlM2I5MDE2Y2FkZDQzYTcxMTZmMGE5Mjp7Il9hdXRoX3VzZXJfaGFzaCI6IjVmMGQxMTNlYzI5NDUwZmE3ZTJjOTkyZjlkN2Y3ODliZmIwMmViM2QiLCJfYXV0aF91c2VyX2JhY2tlbmQiOiJkamFuZ28uY29udHJpYi5hdXRoLmJhY2tlbmRzLk1vZGVsQmFja2VuZCIsIl9hdXRoX3VzZXJfaWQiOiIxIn0=", "expire_date": "2018-01-25T05:39:35.820Z"}}, {"model": "sessions.session", "pk": "v5nay89k7mafrepqw2aukv4z7t7xkxbv", "fields": {"session_data": "MmMzY2Q1ZDhjMGY2Njc4MmIyMzdiOTM3MjFlMzYwOTQzYTZkZjhkMzp7Il9hdXRoX3VzZXJfaGFzaCI6Ijg5NWQxMjViMWFiMjY0M2I1ZWY0NzJjNTkyOTkzMjY3OWE5ZmI4ZTAiLCJfYXV0aF91c2VyX2JhY2tlbmQiOiJkamFuZ28uY29udHJpYi5hdXRoLmJhY2tlbmRzLk1vZGVsQmFja2VuZCIsIl9hdXRoX3VzZXJfaWQiOiIxIn0=", "expire_date": "2018-01-03T15:59:48.730Z"}}, {"model": "sessions.session", "pk": "yi8oa7qnngh4miiv5jb7hr2r4krzbq0q", "fields": {"session_data": "MmMzY2Q1ZDhjMGY2Njc4MmIyMzdiOTM3MjFlMzYwOTQzYTZkZjhkMzp7Il9hdXRoX3VzZXJfaGFzaCI6Ijg5NWQxMjViMWFiMjY0M2I1ZWY0NzJjNTkyOTkzMjY3OWE5ZmI4ZTAiLCJfYXV0aF91c2VyX2JhY2tlbmQiOiJkamFuZ28uY29udHJpYi5hdXRoLmJhY2tlbmRzLk1vZGVsQmFja2VuZCIsIl9hdXRoX3VzZXJfaWQiOiIxIn0=", "expire_date": "2018-01-11T15:37:14.374Z"}}, {"model": "sessions.session", "pk": "zymckmnu4ntyqdhdtiinhixze5hwph2d", "fields": {"session_data": "MjNmYTJlYzM0NGNkN2U2OTI2OTMxNDVlY2E4Y2Y3MGU2ZjhmMDc1Yjp7Il9hdXRoX3VzZXJfaGFzaCI6IjgxYzhlNjIwOWVjMGIyODRmNGQyZmNiMThhZWNjNmJmYTliNGUzMDYiLCJfYXV0aF91c2VyX2JhY2tlbmQiOiJkamFuZ28uY29udHJpYi5hdXRoLmJhY2tlbmRzLk1vZGVsQmFja2VuZCIsIl9hdXRoX3VzZXJfaWQiOiIxIn0=", "expire_date": "2018-01-21T02:36:09.788Z"}}, {"model": "street.prayerrequest", "pk": 3, "fields": {"user": 4, "selected_date": "2018-01-13T04:51:16Z", "header": "sadsf", "description": "asdass", "created_at": "2018-01-13T04:51:16Z", "modified_at": "2018-01-13T04:51:29.522Z", "is_active": true}}, {"model": "street.prayerrequest", "pk": 4, "fields": {"user": 9, "selected_date": "2018-01-13T05:05:19Z", "header": "fsdf", "description": "afsdf", "created_at": "2018-01-13T05:05:19Z", "modified_at": "2018-01-13T05:05:29.977Z", "is_active": true}}, {"model": "street.prayerrequest", "pk": 5, "fields": {"user": 7, "selected_date": "2018-01-13T05:09:05Z", "header": "sscds", "description": "asda", "created_at": "2018-01-13T05:09:05Z", "modified_at": "2018-01-13T05:09:15.801Z", "is_active": true}}, {"model": "street.prayerrequest", "pk": 6, "fields": {"user": 10, "selected_date": "2018-01-13T05:18:24Z", "header": "sasc", "description": "sdascca", "created_at": "2018-01-13T05:18:24Z", "modified_at": "2018-01-13T06:12:21.727Z", "is_active": true}}, {"model": "street.prayerrequest", "pk": 7, "fields": {"user": 11, "selected_date": "2017-01-02T06:00:00Z", "header": "check", "description": "check", "created_at": "2018-01-13T05:54:13.625Z", "modified_at": "2018-01-13T05:54:13.625Z", "is_active": true}}, {"model": "street.prayerrequest", "pk": 8, "fields": {"user": 3, "selected_date": "2018-01-15T09:36:38Z", "header": "dsad", "description": "asddas", "created_at": "2018-01-15T09:36:38Z", "modified_at": "2018-01-15T09:36:50.427Z", "is_active": true}}, {"model": "street.like", "pk": 19, "fields": {"prayer_request": 6, "user": 10, "created_at": "2018-01-13T06:13:55.023Z", "modified_at": "2018-01-13T06:13:55.023Z", "is_active": true}}, {"model": "street.like", "pk": 20, "fields": {"prayer_request": 7, "user": 11, "created_at": "2018-01-13T06:14:00.925Z", "modified_at": "2018-01-13T06:14:00.925Z", "is_active": true}}, {"model": "street.like", "pk": 21, "fields": {"prayer_request": 7, "user": 11, "created_at": "2018-01-13T06:15:16.267Z", "modified_at": "2018-01-13T06:15:16.267Z", "is_active": true}}, {"model": "street.like", "pk": 22, "fields": {"prayer_request": 5, "user": 7, "created_at": "2018-01-13T06:15:39.871Z", "modified_at": "2018-01-13T06:15:39.871Z", "is_active": true}}, {"model": "street.like", "pk": 23, "fields": {"prayer_request": 5, "user": 7, "created_at": "2018-01-13T06:18:53.871Z", "modified_at": "2018-01-13T06:18:53.871Z", "is_active": true}}, {"model": "street.like", "pk": 24, "fields": {"prayer_request": 5, "user": 10, "created_at": "2018-01-13T06:20:31.597Z", "modified_at": "2018-01-13T06:20:31.597Z", "is_active": true}}, {"model": "street.upcoming", "pk": 1, "fields": {"annoucement_des": "annoucement 1", "annoucement_date": "2018-01-12T17:06:31Z", "created_at": "2018-01-11T17:01:32Z", "modified_at": "2018-01-11T17:06:33.245Z", "is_active": true}}, {"model": "street.upcoming", "pk": 2, "fields": {"annoucement_des": "annoucuemnt2", "annoucement_date": "2018-01-09T17:02:06Z", "created_at": "2018-01-11T17:02:06Z", "modified_at": "2018-01-11T17:02:19.340Z", "is_active": true}}, {"model": "street.upcoming", "pk": 3, "fields": {"annoucement_des": "annocument3", "annoucement_date": "2018-01-12T17:06:50Z", "created_at": "2018-01-11T17:06:50Z", "modified_at": "2018-01-11T17:07:10.523Z", "is_active": true}}, {"model": "street.upcoming", "pk": 4, "fields": {"annoucement_des": "upcoming list", "annoucement_date": "2018-01-14T05:25:56Z", "created_at": "2018-01-13T05:25:56Z", "modified_at": "2018-01-13T05:26:22.783Z", "is_active": true}}, {"model": "street.langauage", "pk": 1, "fields": {"language_name": "Kannada", "is_active": true, "created_at": "2018-01-13T06:26:18Z", "modified_at": "2018-01-13T06:26:25.254Z"}}, {"model": "street.langauage", "pk": 2, "fields": {"language_name": "English", "is_active": true, "created_at": "2018-01-13T06:26:27Z", "modified_at": "2018-01-13T06:26:32.077Z"}}, {"model": "street.langauage", "pk": 3, "fields": {"language_name": "Tamil", "is_active": true, "created_at": "2018-01-13T06:26:33Z", "modified_at": "2018-01-13T06:26:40.065Z"}}, {"model": "street.about", "pk": 2, "fields": {"about_us": "asdasdasdasdASDASDASDASX", "is_active": true, "created_at": "2018-01-13T07:59:10Z", "modified_at": "2018-01-13T07:59:17.187Z"}}, {"model": "auth.permission", "pk": 1, "fields": {"name": "Can add log entry", "content_type": 1, "codename": "add_logentry"}}, {"model": "auth.permission", "pk": 2, "fields": {"name": "Can change log entry", "content_type": 1, "codename": "change_logentry"}}, {"model": "auth.permission", "pk": 3, "fields": {"name": "Can delete log entry", "content_type": 1, "codename": "delete_logentry"}}, {"model": "auth.permission", "pk": 4, "fields": {"name": "Can add group", "content_type": 2, "codename": "add_group"}}, {"model": "auth.permission", "pk": 5, "fields": {"name": "Can change group", "content_type": 2, "codename": "change_group"}}, {"model": "auth.permission", "pk": 6, "fields": {"name": "Can delete group", "content_type": 2, "codename": "delete_group"}}, {"model": "auth.permission", "pk": 7, "fields": {"name": "Can add user", "content_type": 3, "codename": "add_user"}}, {"model": "auth.permission", "pk": 8, "fields": {"name": "Can change user", "content_type": 3, "codename": "change_user"}}, {"model": "auth.permission", "pk": 9, "fields": {"name": "Can delete user", "content_type": 3, "codename": "delete_user"}}, {"model": "auth.permission", "pk": 10, "fields": {"name": "Can add permission", "content_type": 4, "codename": "add_permission"}}, {"model": "auth.permission", "pk": 11, "fields": {"name": "Can change permission", "content_type": 4, "codename": "change_permission"}}, {"model": "auth.permission", "pk": 12, "fields": {"name": "Can delete permission", "content_type": 4, "codename": "delete_permission"}}, {"model": "auth.permission", "pk": 13, "fields": {"name": "Can add content type", "content_type": 5, "codename": "add_contenttype"}}, {"model": "auth.permission", "pk": 14, "fields": {"name": "Can change content type", "content_type": 5, "codename": "change_contenttype"}}, {"model": "auth.permission", "pk": 15, "fields": {"name": "Can delete content type", "content_type": 5, "codename": "delete_contenttype"}}, {"model": "auth.permission", "pk": 16, "fields": {"name": "Can add session", "content_type": 6, "codename": "add_session"}}, {"model": "auth.permission", "pk": 17, "fields": {"name": "Can change session", "content_type": 6, "codename": "change_session"}}, {"model": "auth.permission", "pk": 18, "fields": {"name": "Can delete session", "content_type": 6, "codename": "delete_session"}}, {"model": "auth.permission", "pk": 19, "fields": {"name": "Can add Token", "content_type": 7, "codename": "add_token"}}, {"model": "auth.permission", "pk": 20, "fields": {"name": "Can change Token", "content_type": 7, "codename": "change_token"}}, {"model": "auth.permission", "pk": 21, "fields": {"name": "Can delete Token", "content_type": 7, "codename": "delete_token"}}, {"model": "auth.permission", "pk": 22, "fields": {"name": "Can add master skill", "content_type": 8, "codename": "add_masterskill"}}, {"model": "auth.permission", "pk": 23, "fields": {"name": "Can change master skill", "content_type": 8, "codename": "change_masterskill"}}, {"model": "auth.permission", "pk": 24, "fields": {"name": "Can delete master skill", "content_type": 8, "codename": "delete_masterskill"}}, {"model": "auth.permission", "pk": 25, "fields": {"name": "Can add user profile", "content_type": 9, "codename": "add_userprofile"}}, {"model": "auth.permission", "pk": 26, "fields": {"name": "Can change user profile", "content_type": 9, "codename": "change_userprofile"}}, {"model": "auth.permission", "pk": 27, "fields": {"name": "Can delete user profile", "content_type": 9, "codename": "delete_userprofile"}}, {"model": "auth.permission", "pk": 28, "fields": {"name": "Can add master designation", "content_type": 10, "codename": "add_masterdesignation"}}, {"model": "auth.permission", "pk": 29, "fields": {"name": "Can change master designation", "content_type": 10, "codename": "change_masterdesignation"}}, {"model": "auth.permission", "pk": 30, "fields": {"name": "Can delete master designation", "content_type": 10, "codename": "delete_masterdesignation"}}, {"model": "auth.permission", "pk": 31, "fields": {"name": "Can add master benefit", "content_type": 11, "codename": "add_masterbenefit"}}, {"model": "auth.permission", "pk": 32, "fields": {"name": "Can change master benefit", "content_type": 11, "codename": "change_masterbenefit"}}, {"model": "auth.permission", "pk": 33, "fields": {"name": "Can delete master benefit", "content_type": 11, "codename": "delete_masterbenefit"}}, {"model": "auth.permission", "pk": 34, "fields": {"name": "Can add master screening question", "content_type": 12, "codename": "add_masterscreeningquestion"}}, {"model": "auth.permission", "pk": 35, "fields": {"name": "Can change master screening question", "content_type": 12, "codename": "change_masterscreeningquestion"}}, {"model": "auth.permission", "pk": 36, "fields": {"name": "Can delete master screening question", "content_type": 12, "codename": "delete_masterscreeningquestion"}}, {"model": "auth.permission", "pk": 37, "fields": {"name": "Can add master screening answer", "content_type": 13, "codename": "add_masterscreeninganswer"}}, {"model": "auth.permission", "pk": 38, "fields": {"name": "Can change master screening answer", "content_type": 13, "codename": "change_masterscreeninganswer"}}, {"model": "auth.permission", "pk": 39, "fields": {"name": "Can delete master screening answer", "content_type": 13, "codename": "delete_masterscreeninganswer"}}, {"model": "auth.permission", "pk": 40, "fields": {"name": "Can add user device log", "content_type": 14, "codename": "add_userdevicelog"}}, {"model": "auth.permission", "pk": 41, "fields": {"name": "Can change user device log", "content_type": 14, "codename": "change_userdevicelog"}}, {"model": "auth.permission", "pk": 42, "fields": {"name": "Can delete user device log", "content_type": 14, "codename": "delete_userdevicelog"}}, {"model": "auth.permission", "pk": 43, "fields": {"name": "Can add master institution", "content_type": 15, "codename": "add_masterinstitution"}}, {"model": "auth.permission", "pk": 44, "fields": {"name": "Can change master institution", "content_type": 15, "codename": "change_masterinstitution"}}, {"model": "auth.permission", "pk": 45, "fields": {"name": "Can delete master institution", "content_type": 15, "codename": "delete_masterinstitution"}}, {"model": "auth.permission", "pk": 46, "fields": {"name": "Can add cms", "content_type": 16, "codename": "add_cms"}}, {"model": "auth.permission", "pk": 47, "fields": {"name": "Can change cms", "content_type": 16, "codename": "change_cms"}}, {"model": "auth.permission", "pk": 48, "fields": {"name": "Can delete cms", "content_type": 16, "codename": "delete_cms"}}, {"model": "auth.permission", "pk": 49, "fields": {"name": "Can add master key skill", "content_type": 17, "codename": "add_masterkeyskill"}}, {"model": "auth.permission", "pk": 50, "fields": {"name": "Can change master key skill", "content_type": 17, "codename": "change_masterkeyskill"}}, {"model": "auth.permission", "pk": 51, "fields": {"name": "Can delete master key skill", "content_type": 17, "codename": "delete_masterkeyskill"}}, {"model": "auth.permission", "pk": 52, "fields": {"name": "Can add feedback", "content_type": 18, "codename": "add_feedback"}}, {"model": "auth.permission", "pk": 53, "fields": {"name": "Can change feedback", "content_type": 18, "codename": "change_feedback"}}, {"model": "auth.permission", "pk": 54, "fields": {"name": "Can delete feedback", "content_type": 18, "codename": "delete_feedback"}}, {"model": "auth.permission", "pk": 55, "fields": {"name": "Can add master country", "content_type": 19, "codename": "add_mastercountry"}}, {"model": "auth.permission", "pk": 56, "fields": {"name": "Can change master country", "content_type": 19, "codename": "change_mastercountry"}}, {"model": "auth.permission", "pk": 57, "fields": {"name": "Can delete master country", "content_type": 19, "codename": "delete_mastercountry"}}, {"model": "auth.permission", "pk": 58, "fields": {"name": "Can add master degree", "content_type": 20, "codename": "add_masterdegree"}}, {"model": "auth.permission", "pk": 59, "fields": {"name": "Can change master degree", "content_type": 20, "codename": "change_masterdegree"}}, {"model": "auth.permission", "pk": 60, "fields": {"name": "Can delete master degree", "content_type": 20, "codename": "delete_masterdegree"}}, {"model": "auth.permission", "pk": 61, "fields": {"name": "Can add user notification status", "content_type": 21, "codename": "add_usernotificationstatus"}}, {"model": "auth.permission", "pk": 62, "fields": {"name": "Can change user notification status", "content_type": 21, "codename": "change_usernotificationstatus"}}, {"model": "auth.permission", "pk": 63, "fields": {"name": "Can delete user notification status", "content_type": 21, "codename": "delete_usernotificationstatus"}}, {"model": "auth.permission", "pk": 64, "fields": {"name": "Can add master industry type", "content_type": 22, "codename": "add_masterindustrytype"}}, {"model": "auth.permission", "pk": 65, "fields": {"name": "Can change master industry type", "content_type": 22, "codename": "change_masterindustrytype"}}, {"model": "auth.permission", "pk": 66, "fields": {"name": "Can delete master industry type", "content_type": 22, "codename": "delete_masterindustrytype"}}, {"model": "auth.permission", "pk": 67, "fields": {"name": "Can add user location", "content_type": 23, "codename": "add_userlocation"}}, {"model": "auth.permission", "pk": 68, "fields": {"name": "Can change user location", "content_type": 23, "codename": "change_userlocation"}}, {"model": "auth.permission", "pk": 69, "fields": {"name": "Can delete user location", "content_type": 23, "codename": "delete_userlocation"}}, {"model": "auth.permission", "pk": 70, "fields": {"name": "Can add otp table", "content_type": 24, "codename": "add_otptable"}}, {"model": "auth.permission", "pk": 71, "fields": {"name": "Can change otp table", "content_type": 24, "codename": "change_otptable"}}, {"model": "auth.permission", "pk": 72, "fields": {"name": "Can delete otp table", "content_type": 24, "codename": "delete_otptable"}}, {"model": "auth.permission", "pk": 73, "fields": {"name": "Can add candidate blocked company", "content_type": 25, "codename": "add_candidateblockedcompany"}}, {"model": "auth.permission", "pk": 74, "fields": {"name": "Can change candidate blocked company", "content_type": 25, "codename": "change_candidateblockedcompany"}}, {"model": "auth.permission", "pk": 75, "fields": {"name": "Can delete candidate blocked company", "content_type": 25, "codename": "delete_candidateblockedcompany"}}, {"model": "auth.permission", "pk": 76, "fields": {"name": "Can add candidate profile completion", "content_type": 26, "codename": "add_candidateprofilecompletion"}}, {"model": "auth.permission", "pk": 77, "fields": {"name": "Can change candidate profile completion", "content_type": 26, "codename": "change_candidateprofilecompletion"}}, {"model": "auth.permission", "pk": 78, "fields": {"name": "Can delete candidate profile completion", "content_type": 26, "codename": "delete_candidateprofilecompletion"}}, {"model": "auth.permission", "pk": 79, "fields": {"name": "Can add candidate screening answer", "content_type": 27, "codename": "add_candidatescreeninganswer"}}, {"model": "auth.permission", "pk": 80, "fields": {"name": "Can change candidate screening answer", "content_type": 27, "codename": "change_candidatescreeninganswer"}}, {"model": "auth.permission", "pk": 81, "fields": {"name": "Can delete candidate screening answer", "content_type": 27, "codename": "delete_candidatescreeninganswer"}}, {"model": "auth.permission", "pk": 82, "fields": {"name": "Can add candidate education", "content_type": 28, "codename": "add_candidateeducation"}}, {"model": "auth.permission", "pk": 83, "fields": {"name": "Can change candidate education", "content_type": 28, "codename": "change_candidateeducation"}}, {"model": "auth.permission", "pk": 84, "fields": {"name": "Can delete candidate education", "content_type": 28, "codename": "delete_candidateeducation"}}, {"model": "auth.permission", "pk": 85, "fields": {"name": "Can add candidate basic info", "content_type": 29, "codename": "add_candidatebasicinfo"}}, {"model": "auth.permission", "pk": 86, "fields": {"name": "Can change candidate basic info", "content_type": 29, "codename": "change_candidatebasicinfo"}}, {"model": "auth.permission", "pk": 87, "fields": {"name": "Can delete candidate basic info", "content_type": 29, "codename": "delete_candidatebasicinfo"}}, {"model": "auth.permission", "pk": 88, "fields": {"name": "Can add candidate applied jd", "content_type": 30, "codename": "add_candidateappliedjd"}}, {"model": "auth.permission", "pk": 89, "fields": {"name": "Can change candidate applied jd", "content_type": 30, "codename": "change_candidateappliedjd"}}, {"model": "auth.permission", "pk": 90, "fields": {"name": "Can delete candidate applied jd", "content_type": 30, "codename": "delete_candidateappliedjd"}}, {"model": "auth.permission", "pk": 91, "fields": {"name": "Can add candidate key skill", "content_type": 31, "codename": "add_candidatekeyskill"}}, {"model": "auth.permission", "pk": 92, "fields": {"name": "Can change candidate key skill", "content_type": 31, "codename": "change_candidatekeyskill"}}, {"model": "auth.permission", "pk": 93, "fields": {"name": "Can delete candidate key skill", "content_type": 31, "codename": "delete_candidatekeyskill"}}, {"model": "auth.permission", "pk": 94, "fields": {"name": "Can add recruiter company", "content_type": 32, "codename": "add_recruitercompany"}}, {"model": "auth.permission", "pk": 95, "fields": {"name": "Can change recruiter company", "content_type": 32, "codename": "change_recruitercompany"}}, {"model": "auth.permission", "pk": 96, "fields": {"name": "Can delete recruiter company", "content_type": 32, "codename": "delete_recruitercompany"}}, {"model": "auth.permission", "pk": 97, "fields": {"name": "Can add jd screening question assigned", "content_type": 33, "codename": "add_jdscreeningquestionassigned"}}, {"model": "auth.permission", "pk": 98, "fields": {"name": "Can change jd screening question assigned", "content_type": 33, "codename": "change_jdscreeningquestionassigned"}}, {"model": "auth.permission", "pk": 99, "fields": {"name": "Can delete jd screening question assigned", "content_type": 33, "codename": "delete_jdscreeningquestionassigned"}}, {"model": "auth.permission", "pk": 100, "fields": {"name": "Can add job description", "content_type": 34, "codename": "add_jobdescription"}}, {"model": "auth.permission", "pk": 101, "fields": {"name": "Can change job description", "content_type": 34, "codename": "change_jobdescription"}}, {"model": "auth.permission", "pk": 102, "fields": {"name": "Can delete job description", "content_type": 34, "codename": "delete_jobdescription"}}, {"model": "auth.permission", "pk": 103, "fields": {"name": "Can add jd status log", "content_type": 35, "codename": "add_jdstatuslog"}}, {"model": "auth.permission", "pk": 104, "fields": {"name": "Can change jd status log", "content_type": 35, "codename": "change_jdstatuslog"}}, {"model": "auth.permission", "pk": 105, "fields": {"name": "Can delete jd status log", "content_type": 35, "codename": "delete_jdstatuslog"}}, {"model": "auth.permission", "pk": 106, "fields": {"name": "Can add recruiter company media", "content_type": 36, "codename": "add_recruitercompanymedia"}}, {"model": "auth.permission", "pk": 107, "fields": {"name": "Can change recruiter company media", "content_type": 36, "codename": "change_recruitercompanymedia"}}, {"model": "auth.permission", "pk": 108, "fields": {"name": "Can delete recruiter company media", "content_type": 36, "codename": "delete_recruitercompanymedia"}}, {"model": "auth.permission", "pk": 109, "fields": {"name": "Can add jd key skill", "content_type": 37, "codename": "add_jdkeyskill"}}, {"model": "auth.permission", "pk": 110, "fields": {"name": "Can change jd key skill", "content_type": 37, "codename": "change_jdkeyskill"}}, {"model": "auth.permission", "pk": 111, "fields": {"name": "Can delete jd key skill", "content_type": 37, "codename": "delete_jdkeyskill"}}, {"model": "auth.permission", "pk": 112, "fields": {"name": "Can add recruiter company rockstar", "content_type": 38, "codename": "add_recruitercompanyrockstar"}}, {"model": "auth.permission", "pk": 113, "fields": {"name": "Can change recruiter company rockstar", "content_type": 38, "codename": "change_recruitercompanyrockstar"}}, {"model": "auth.permission", "pk": 114, "fields": {"name": "Can delete recruiter company rockstar", "content_type": 38, "codename": "delete_recruitercompanyrockstar"}}, {"model": "auth.permission", "pk": 115, "fields": {"name": "Can add recruiter basic info", "content_type": 39, "codename": "add_recruiterbasicinfo"}}, {"model": "auth.permission", "pk": 116, "fields": {"name": "Can change recruiter basic info", "content_type": 39, "codename": "change_recruiterbasicinfo"}}, {"model": "auth.permission", "pk": 117, "fields": {"name": "Can delete recruiter basic info", "content_type": 39, "codename": "delete_recruiterbasicinfo"}}, {"model": "auth.permission", "pk": 118, "fields": {"name": "Can add userprofile", "content_type": 40, "codename": "add_userprofile"}}, {"model": "auth.permission", "pk": 119, "fields": {"name": "Can change userprofile", "content_type": 40, "codename": "change_userprofile"}}, {"model": "auth.permission", "pk": 120, "fields": {"name": "Can delete userprofile", "content_type": 40, "codename": "delete_userprofile"}}, {"model": "auth.permission", "pk": 121, "fields": {"name": "Can add task", "content_type": 41, "codename": "add_task"}}, {"model": "auth.permission", "pk": 122, "fields": {"name": "Can change task", "content_type": 41, "codename": "change_task"}}, {"model": "auth.permission", "pk": 123, "fields": {"name": "Can delete task", "content_type": 41, "codename": "delete_task"}}, {"model": "auth.permission", "pk": 133, "fields": {"name": "Can add assign task", "content_type": 45, "codename": "add_assigntask"}}, {"model": "auth.permission", "pk": 134, "fields": {"name": "Can change assign task", "content_type": 45, "codename": "change_assigntask"}}, {"model": "auth.permission", "pk": 135, "fields": {"name": "Can delete assign task", "content_type": 45, "codename": "delete_assigntask"}}, {"model": "auth.permission", "pk": 136, "fields": {"name": "Can add questions", "content_type": 46, "codename": "add_questions"}}, {"model": "auth.permission", "pk": 137, "fields": {"name": "Can change questions", "content_type": 46, "codename": "change_questions"}}, {"model": "auth.permission", "pk": 138, "fields": {"name": "Can delete questions", "content_type": 46, "codename": "delete_questions"}}, {"model": "auth.permission", "pk": 139, "fields": {"name": "Can add user profile", "content_type": 47, "codename": "add_userprofile"}}, {"model": "auth.permission", "pk": 140, "fields": {"name": "Can change user profile", "content_type": 47, "codename": "change_userprofile"}}, {"model": "auth.permission", "pk": 141, "fields": {"name": "Can delete user profile", "content_type": 47, "codename": "delete_userprofile"}}, {"model": "auth.permission", "pk": 142, "fields": {"name": "Can add question comment", "content_type": 48, "codename": "add_questioncomment"}}, {"model": "auth.permission", "pk": 143, "fields": {"name": "Can change question comment", "content_type": 48, "codename": "change_questioncomment"}}, {"model": "auth.permission", "pk": 144, "fields": {"name": "Can delete question comment", "content_type": 48, "codename": "delete_questioncomment"}}, {"model": "auth.permission", "pk": 145, "fields": {"name": "Can add recomded", "content_type": 49, "codename": "add_recomded"}}, {"model": "auth.permission", "pk": 146, "fields": {"name": "Can change recomded", "content_type": 49, "codename": "change_recomded"}}, {"model": "auth.permission", "pk": 147, "fields": {"name": "Can delete recomded", "content_type": 49, "codename": "delete_recomded"}}, {"model": "auth.permission", "pk": 148, "fields": {"name": "Can add book", "content_type": 50, "codename": "add_book"}}, {"model": "auth.permission", "pk": 149, "fields": {"name": "Can change book", "content_type": 50, "codename": "change_book"}}, {"model": "auth.permission", "pk": 150, "fields": {"name": "Can delete book", "content_type": 50, "codename": "delete_book"}}, {"model": "auth.permission", "pk": 151, "fields": {"name": "Can add userprofile", "content_type": 51, "codename": "add_userprofile"}}, {"model": "auth.permission", "pk": 152, "fields": {"name": "Can change userprofile", "content_type": 51, "codename": "change_userprofile"}}, {"model": "auth.permission", "pk": 153, "fields": {"name": "Can delete userprofile", "content_type": 51, "codename": "delete_userprofile"}}, {"model": "auth.permission", "pk": 154, "fields": {"name": "Can add prayer request", "content_type": 52, "codename": "add_prayerrequest"}}, {"model": "auth.permission", "pk": 155, "fields": {"name": "Can change prayer request", "content_type": 52, "codename": "change_prayerrequest"}}, {"model": "auth.permission", "pk": 156, "fields": {"name": "Can delete prayer request", "content_type": 52, "codename": "delete_prayerrequest"}}, {"model": "auth.permission", "pk": 157, "fields": {"name": "Can add like", "content_type": 53, "codename": "add_like"}}, {"model": "auth.permission", "pk": 158, "fields": {"name": "Can change like", "content_type": 53, "codename": "change_like"}}, {"model": "auth.permission", "pk": 159, "fields": {"name": "Can delete like", "content_type": 53, "codename": "delete_like"}}, {"model": "auth.permission", "pk": 160, "fields": {"name": "Can add upcoming", "content_type": 54, "codename": "add_upcoming"}}, {"model": "auth.permission", "pk": 161, "fields": {"name": "Can change upcoming", "content_type": 54, "codename": "change_upcoming"}}, {"model": "auth.permission", "pk": 162, "fields": {"name": "Can delete upcoming", "content_type": 54, "codename": "delete_upcoming"}}, {"model": "auth.permission", "pk": 163, "fields": {"name": "Can add langauage", "content_type": 55, "codename": "add_langauage"}}, {"model": "auth.permission", "pk": 164, "fields": {"name": "Can change langauage", "content_type": 55, "codename": "change_langauage"}}, {"model": "auth.permission", "pk": 165, "fields": {"name": "Can delete langauage", "content_type": 55, "codename": "delete_langauage"}}, {"model": "auth.permission", "pk": 166, "fields": {"name": "Can add user media", "content_type": 56, "codename": "add_usermedia"}}, {"model": "auth.permission", "pk": 167, "fields": {"name": "Can change user media", "content_type": 56, "codename": "change_usermedia"}}, {"model": "auth.permission", "pk": 168, "fields": {"name": "Can delete user media", "content_type": 56, "codename": "delete_usermedia"}}, {"model": "auth.permission", "pk": 169, "fields": {"name": "Can add notification", "content_type": 57, "codename": "add_notification"}}, {"model": "auth.permission", "pk": 170, "fields": {"name": "Can change notification", "content_type": 57, "codename": "change_notification"}}, {"model": "auth.permission", "pk": 171, "fields": {"name": "Can delete notification", "content_type": 57, "codename": "delete_notification"}}, {"model": "auth.permission", "pk": 172, "fields": {"name": "Can add about", "content_type": 58, "codename": "add_about"}}, {"model": "auth.permission", "pk": 173, "fields": {"name": "Can change about", "content_type": 58, "codename": "change_about"}}, {"model": "auth.permission", "pk": 174, "fields": {"name": "Can delete about", "content_type": 58, "codename": "delete_about"}}, {"model": "auth.user", "pk": 1, "fields": {"password": "pbkdf2_sha256$24000$Pc2cx9OxkuCj$rZX9oLKl7r8/KZ1Ndforj33iUdI6Y+MNN5lc1onNlOM=", "last_login": "2018-01-11T05:39:35.808Z", "is_superuser": true, "username": "raghu", "first_name": "", "last_name": "", "email": "", "is_staff": true, "is_active": true, "date_joined": "2017-08-25T10:29:09.445Z", "groups": [], "user_permissions": []}}, {"model": "auth.user", "pk": 2, "fields": {"password": "pbkdf2_sha256$36000$Ok2ORABHcisE$VgZw4UtZ+sIN6Sux+hwdbPY8m7hy/Tuo3UxXYOul6Nw=", "last_login": null, "is_superuser": false, "username": "hb@magical.pt", "first_name": "", "last_name": "", "email": "", "is_staff": false, "is_active": true, "date_joined": "2017-08-25T10:33:51.070Z", "groups": [], "user_permissions": []}}, {"model": "auth.user", "pk": 3, "fields": {"password": "pbkdf2_sha256$24000$hCQ8hZ3baYna$AT/eZx82QA0RjlGnaPN13zcaeyROHNGOniAlrRe3gqY=", "last_login": null, "is_superuser": false, "username": "ravi", "first_name": "", "last_name": "", "email": "", "is_staff": false, "is_active": true, "date_joined": "2017-08-25T15:14:02.841Z", "groups": [], "user_permissions": []}}, {"model": "auth.user", "pk": 4, "fields": {"password": "pbkdf2_sha256$36000$omGEffI53AS6$a382aiDwZas7MUpREDJqD0NuUsCqf5b3oWaeoSDj54c=", "last_login": null, "is_superuser": false, "username": "918861568317", "first_name": "", "last_name": "", "email": "", "is_staff": false, "is_active": true, "date_joined": "2017-08-26T06:00:49.087Z", "groups": [], "user_permissions": []}}, {"model": "auth.user", "pk": 5, "fields": {"password": "pbkdf2_sha256$24000$cpMkO6bQrlmE$Ar51Qywxj8XTLhAS3Ufi26jTAUHQYu4HKoF5Zsr9YQM=", "last_login": null, "is_superuser": false, "username": "magical", "first_name": "", "last_name": "", "email": "", "is_staff": false, "is_active": true, "date_joined": "2017-10-06T10:56:49.830Z", "groups": [], "user_permissions": []}}, {"model": "auth.user", "pk": 6, "fields": {"password": "pbkdf2_sha256$24000$pS2mVsQ8T22g$0APQCFbMS3VU6aHSbx+Pu7llUAqy1oY/U1D8ow/YJ2c=", "last_login": null, "is_superuser": false, "username": "green@gmail.com", "first_name": "", "last_name": "", "email": "", "is_staff": false, "is_active": true, "date_joined": "2017-10-06T16:00:21.523Z", "groups": [], "user_permissions": []}}, {"model": "auth.user", "pk": 7, "fields": {"password": "pbkdf2_sha256$24000$9epmZ0MKwnJ1$vg5Db++qq8xPseTsSxVkuUwAiRGMS+MmsdYtKBhDVYk=", "last_login": null, "is_superuser": false, "username": "red@gmail.com", "first_name": "", "last_name": "", "email": "", "is_staff": false, "is_active": true, "date_joined": "2017-10-06T17:12:09.102Z", "groups": [], "user_permissions": []}}, {"model": "auth.user", "pk": 8, "fields": {"password": "pbkdf2_sha256$24000$Pk9s613fEMz1$3pzPi2sHWZR0IpX0WsumFXBg4SJAiz5Q1x/7jCNXmSM=", "last_login": "2017-10-07T15:29:22.200Z", "is_superuser": true, "username": "rag", "first_name": "", "last_name": "", "email": "", "is_staff": true, "is_active": true, "date_joined": "2017-10-07T15:29:03.229Z", "groups": [], "user_permissions": []}}, {"model": "auth.user", "pk": 9, "fields": {"password": "pbkdf2_sha256$24000$5nHJXZKzYB3d$pSUJD2YLgXxaRoqgI96eGOisI3kaDNEVIVAaEH89LAQ=", "last_login": "2017-10-07T15:32:23.829Z", "is_superuser": true, "username": "guru", "first_name": "", "last_name": "", "email": "", "is_staff": true, "is_active": true, "date_joined": "2017-10-07T15:32:11.344Z", "groups": [], "user_permissions": []}}, {"model": "auth.user", "pk": 10, "fields": {"password": "pbkdf2_sha256$24000$Lz470E67GXUg$UFkRukuYvijgLJBRTz/JHkQ7ZsZwXx+oW9hS+K0Hujc=", "last_login": null, "is_superuser": false, "username": "yes@gmail.com", "first_name": "", "last_name": "", "email": "", "is_staff": false, "is_active": true, "date_joined": "2018-01-07T02:37:06.633Z", "groups": [], "user_permissions": []}}, {"model": "auth.user", "pk": 11, "fields": {"password": "pbkdf2_sha256$24000$vHK2iMvxQTaE$EOpC494hFCpBDNn2umNO2nEnmMPSK9sSUWRTfdXwuGo=", "last_login": null, "is_superuser": false, "username": "4755888", "first_name": "", "last_name": "", "email": "", "is_staff": false, "is_active": true, "date_joined": "2018-01-11T15:59:00.365Z", "groups": [], "user_permissions": []}}, {"model": "auth.user", "pk": 12, "fields": {"password": "pbkdf2_sha256$24000$ZVNl2nPTfhO9$pLtO9Hb3/djezNR3x9E/NG5yuajfFUmMmBOrul8sk0E=", "last_login": null, "is_superuser": false, "username": "ravi@gmail.com", "first_name": "", "last_name": "", "email": "", "is_staff": false, "is_active": true, "date_joined": "2018-01-11T16:01:09.923Z", "groups": [], "user_permissions": []}}, {"model": "auth.user", "pk": 13, "fields": {"password": "pbkdf2_sha256$24000$n9IEIphfkoRp$6OEePOMUlqV9dTp/CEJsFH/zu8JxHOMl4ESIwyO97xY=", "last_login": null, "is_superuser": false, "username": "ra@gmail.com", "first_name": "", "last_name": "", "email": "", "is_staff": false, "is_active": true, "date_joined": "2018-01-11T16:11:16.284Z", "groups": [], "user_permissions": []}}, {"model": "auth.user", "pk": 14, "fields": {"password": "pbkdf2_sha256$24000$sFzkXfRkb1Iz$mFO815qOrS9yIa9pxTIS4TlHV6SDuTHlO6DoDqKWjBg=", "last_login": null, "is_superuser": false, "username": "sa@gmail.com", "first_name": "", "last_name": "", "email": "", "is_staff": false, "is_active": true, "date_joined": "2018-01-11T16:12:32.254Z", "groups": [], "user_permissions": []}}, {"model": "auth.user", "pk": 15, "fields": {"password": "pbkdf2_sha256$24000$1tVKkDXvAEjM$OXgXqHwJRaMsw/vhV7zZs3AY2hr7EIEV6cO9K9wp9hs=", "last_login": null, "is_superuser": false, "username": "raj@gmail.com", "first_name": "", "last_name": "", "email": "", "is_staff": false, "is_active": true, "date_joined": "2018-01-11T16:16:20.250Z", "groups": [], "user_permissions": []}}, {"model": "auth.user", "pk": 17, "fields": {"password": "pbkdf2_sha256$24000$mTcbJVc6rknz$SEGX8D8YxyTiOF10ExnvrjqqtE28uI8XH9KpG9xY6qA=", "last_login": null, "is_superuser": false, "username": "t@gmail.com", "first_name": "", "last_name": "", "email": "", "is_staff": false, "is_active": true, "date_joined": "2018-01-11T16:25:05.373Z", "groups": [], "user_permissions": []}}, {"model": "auth.user", "pk": 18, "fields": {"password": "pbkdf2_sha256$24000$xGhDTMYQ9kKg$LAmh/qCfdLCs6M6jWYrA4H7GXW0sM+3EvFtsUdQy2+8=", "last_login": null, "is_superuser": false, "username": "r@gmail.com", "first_name": "", "last_name": "", "email": "", "is_staff": false, "is_active": true, "date_joined": "2018-01-11T16:27:13.899Z", "groups": [], "user_permissions": []}}, {"model": "auth.user", "pk": 19, "fields": {"password": "pbkdf2_sha256$24000$PNU0mYhCvFjq$K/PeLFhA/JDLJMwy7S9AHAJhBMK11DrprKc90+bj20I=", "last_login": null, "is_superuser": false, "username": "78888888", "first_name": "", "last_name": "", "email": "", "is_staff": false, "is_active": true, "date_joined": "2018-01-11T16:28:39.710Z", "groups": [], "user_permissions": []}}, {"model": "auth.user", "pk": 20, "fields": {"password": "pbkdf2_sha256$24000$tAHldh2SU94u$w6AK814vs0bUQNThFDIo/i3mrgr/Yd2yI2JNZEFEUOY=", "last_login": null, "is_superuser": false, "username": "vimal@gmail.com", "first_name": "", "last_name": "", "email": "vimal@gmail.com", "is_staff": false, "is_active": true, "date_joined": "2018-01-12T03:46:11.004Z", "groups": [], "user_permissions": []}}, {"model": "auth.user", "pk": 21, "fields": {"password": "pbkdf2_sha256$24000$KyjK7I9qt6jT$BiF1cptOue0smMmnkLZSAjAKhZljK0TLdwfAarJG6T4=", "last_login": null, "is_superuser": false, "username": "999988", "first_name": "", "last_name": "", "email": "", "is_staff": false, "is_active": true, "date_joined": "2018-01-12T03:48:31.086Z", "groups": [], "user_permissions": []}}, {"model": "auth.user", "pk": 22, "fields": {"password": "pbkdf2_sha256$24000$p1Q9Fa89Wzus$XUFZ9cRWKKR52TgdekkeNFpzX7ecewR9b+Cq1kBtqVU=", "last_login": null, "is_superuser": false, "username": "aha@gmail.com", "first_name": "", "last_name": "", "email": "", "is_staff": false, "is_active": true, "date_joined": "2018-01-12T03:50:54.052Z", "groups": [], "user_permissions": []}}, {"model": "auth.user", "pk": 23, "fields": {"password": "pbkdf2_sha256$24000$AjJDn8jazj8R$lQvUtnFtF2jTT/wYNIKXMa88zo551/OGsX6m+TznWBU=", "last_login": null, "is_superuser": false, "username": "7855522525225", "first_name": "", "last_name": "", "email": "", "is_staff": false, "is_active": true, "date_joined": "2018-01-12T03:52:42.382Z", "groups": [], "user_permissions": []}}, {"model": "auth.user", "pk": 24, "fields": {"password": "pbkdf2_sha256$24000$bVrAHeyAMf9d$xjxuTCZePbb7+Bhp4+3HhvYEx322mGgSKB5vU0t0wRk=", "last_login": null, "is_superuser": false, "username": "756456566", "first_name": "", "last_name": "", "email": "", "is_staff": false, "is_active": true, "date_joined": "2018-01-12T03:53:08.513Z", "groups": [], "user_permissions": []}}, {"model": "auth.user", "pk": 25, "fields": {"password": "pbkdf2_sha256$24000$p45fIY7mLQpD$KCgarP9JK4/pjpGAIxQPVzJysAq2oyNAvg5FNwoInEk=", "last_login": null, "is_superuser": false, "username": "ro.raghn@gmail.com", "first_name": "", "last_name": "", "email": "", "is_staff": false, "is_active": true, "date_joined": "2018-01-12T03:53:53.460Z", "groups": [], "user_permissions": []}}, {"model": "auth.user", "pk": 26, "fields": {"password": "pbkdf2_sha256$24000$5XD1BZq7ZXky$F75yjko2wn4Imer1dSgzIIc9zkMovvWBgYwpMxXCB6c=", "last_login": null, "is_superuser": false, "username": "ro.raghn4@gmail.com", "first_name": "", "last_name": "", "email": "", "is_staff": false, "is_active": true, "date_joined": "2018-01-12T04:01:19.772Z", "groups": [], "user_permissions": []}}, {"model": "auth.user", "pk": 27, "fields": {"password": "pbkdf2_sha256$24000$SDgNkh18AySu$5dVk6zsO9j3Q6oXJbhG9lQdnLarfvEQfHcubt9/tETg=", "last_login": null, "is_superuser": false, "username": "ro.ragh4n4@gmail.com", "first_name": "", "last_name": "", "email": "", "is_staff": false, "is_active": true, "date_joined": "2018-01-12T04:05:17.318Z", "groups": [], "user_permissions": []}}, {"model": "auth.user", "pk": 28, "fields": {"password": "pbkdf2_sha256$24000$bnWeg37rpGed$wZuugh6YuguNrgV6MoBNJ2gBPEFqwqZsvihAODbXM/U=", "last_login": null, "is_superuser": false, "username": "ro.ragh4@gmail.com", "first_name": "", "last_name": "", "email": "", "is_staff": false, "is_active": true, "date_joined": "2018-01-12T04:05:50.802Z", "groups": [], "user_permissions": []}}, {"model": "auth.user", "pk": 29, "fields": {"password": "pbkdf2_sha256$24000$YsbrQc1F50cZ$LP94y6gwDCz0caKnje0EtREqoJmSJPV5ffxvE6qJK4s=", "last_login": null, "is_superuser": false, "username": "ro@gmail.com", "first_name": "", "last_name": "", "email": "", "is_staff": false, "is_active": true, "date_joined": "2018-01-12T04:12:24.593Z", "groups": [], "user_permissions": []}}, {"model": "auth.user", "pk": 30, "fields": {"password": "pbkdf2_sha256$24000$OCNck2Ic0Tgw$fZ6HXpnoAvd6QsMo69M4VWT4pNne74VojYcGcW+CJVQ=", "last_login": null, "is_superuser": false, "username": "refrere@gmail.com", "first_name": "", "last_name": "", "email": "", "is_staff": false, "is_active": true, "date_joined": "2018-01-12T04:51:36.761Z", "groups": [], "user_permissions": []}}, {"model": "auth.user", "pk": 31, "fields": {"password": "pbkdf2_sha256$24000$oxTHjM7soDj3$zS86aw391eGgUfRQNcqlLNun97obVVbtvn/ePYpjvvA=", "last_login": null, "is_superuser": false, "username": "rerere@gmail.com", "first_name": "", "last_name": "", "email": "", "is_staff": false, "is_active": true, "date_joined": "2018-01-12T04:52:03.198Z", "groups": [], "user_permissions": []}}, {"model": "auth.user", "pk": 32, "fields": {"password": "pbkdf2_sha256$24000$BdO8ARYoTASD$rdj3EQQr78K3O0/LGX2kVrXv5HYVoR0UL2r1WmJKwuk=", "last_login": null, "is_superuser": false, "username": "575454455", "first_name": "", "last_name": "", "email": "", "is_staff": false, "is_active": true, "date_joined": "2018-01-12T04:52:16.703Z", "groups": [], "user_permissions": []}}, {"model": "auth.user", "pk": 33, "fields": {"password": "pbkdf2_sha256$24000$VSGWASoqSj88$bG3RV+uN3xBVb8niYe/+5Iftcx/Nk+H+pf+dVgkmDwI=", "last_login": null, "is_superuser": false, "username": "et@gmail.com", "first_name": "", "last_name": "", "email": "et@gmail.com", "is_staff": false, "is_active": true, "date_joined": "2018-01-12T15:14:53.732Z", "groups": [], "user_permissions": []}}, {"model": "auth.user", "pk": 34, "fields": {"password": "pbkdf2_sha256$24000$nehUmZguRStg$Xk1Ysrtjv4456uePYs+BtjPhAckGEz6viyYZV209beA=", "last_login": null, "is_superuser": false, "username": "ui@gmail.com", "first_name": "", "last_name": "", "email": "", "is_staff": false, "is_active": true, "date_joined": "2018-01-12T15:20:16.086Z", "groups": [], "user_permissions": []}}, {"model": "auth.user", "pk": 35, "fields": {"password": "pbkdf2_sha256$24000$87JJ5sTXTpGX$dShLyipfYBxLG8coL9MHGSvj0+GA2vTL1CxnIHuYLXA=", "last_login": null, "is_superuser": false, "username": "i@gmail.com", "first_name": "", "last_name": "", "email": "", "is_staff": false, "is_active": true, "date_joined": "2018-01-12T15:21:04.561Z", "groups": [], "user_permissions": []}}, {"model": "auth.user", "pk": 36, "fields": {"password": "pbkdf2_sha256$24000$XWwMnGVGh2gT$5PZ6OERczvHmVC38NiFu1PN7PZW0hAEdFRBa71J0uKg=", "last_login": null, "is_superuser": false, "username": "7829322738", "first_name": "", "last_name": "", "email": "", "is_staff": false, "is_active": true, "date_joined": "2018-01-13T05:51:55.115Z", "groups": [], "user_permissions": []}}, {"model": "auth.user", "pk": 37, "fields": {"password": "pbkdf2_sha256$24000$yAGlYGfUjQvh$YEZG1QytKFp0E9JMH6JVBe65raf5lvZVpJbv6N4JfSg=", "last_login": null, "is_superuser": false, "username": "9900881075", "first_name": "", "last_name": "", "email": "", "is_staff": false, "is_active": true, "date_joined": "2018-01-13T05:52:32.304Z", "groups": [], "user_permissions": []}}, {"model": "authtoken.token", "pk": "06df91210bee977874df683bb0856a3a78f7e9c4", "fields": {"user": 17, "created": "2018-01-11T16:25:05.571Z"}}, {"model": "authtoken.token", "pk": "0a5071da56215ebd3515ff6634910a965cdf083d", "fields": {"user": 12, "created": "2018-01-11T16:01:09.985Z"}}, {"model": "authtoken.token", "pk": "150b430190be0326e522878a9f4effbd1ebf140d", "fields": {"user": 11, "created": "2018-01-11T15:59:00.833Z"}}, {"model": "authtoken.token", "pk": "2512266a461dad36df17e3b5ef8e1130cea4e219", "fields": {"user": 4, "created": "2017-08-26T06:00:49.602Z"}}, {"model": "authtoken.token", "pk": "2669b3bce2b35531d7c144b8a374330e6cad6db9", "fields": {"user": 32, "created": "2018-01-12T04:52:16.797Z"}}, {"model": "authtoken.token", "pk": "2ac69234ac89088eca93f1d3d8e94dc8058aed84", "fields": {"user": 35, "created": "2018-01-12T15:21:04.710Z"}}, {"model": "authtoken.token", "pk": "413c7d6568b3868b2d2f7ed865f279fea50ae7f4", "fields": {"user": 28, "created": "2018-01-12T04:05:50.883Z"}}, {"model": "authtoken.token", "pk": "58b9ab25d84a599051657a9a1bcdebfd16b4afec", "fields": {"user": 3, "created": "2017-08-25T15:14:14.873Z"}}, {"model": "authtoken.token", "pk": "77580524b77731a6bdc57ee94010a81eefc3f8f4", "fields": {"user": 24, "created": "2018-01-12T03:53:08.611Z"}}, {"model": "authtoken.token", "pk": "8097361e46857f20c009cea7bda72a8c7d83d998", "fields": {"user": 18, "created": "2018-01-11T16:27:13.985Z"}}, {"model": "authtoken.token", "pk": "8b78b943c7f92175c13c909226a890de542e2baa", "fields": {"user": 31, "created": "2018-01-12T04:52:03.415Z"}}, {"model": "authtoken.token", "pk": "8bb1dba576510e2b918ba7756be1468cd06d27b4", "fields": {"user": 6, "created": "2017-10-06T16:00:21.635Z"}}, {"model": "authtoken.token", "pk": "94945327af5d24a15ddf739a21a87094a193389c", "fields": {"user": 37, "created": "2018-01-13T05:52:32.403Z"}}, {"model": "authtoken.token", "pk": "9b43e0bb960b2d863f6ed18f306cc24ba5c9fa5f", "fields": {"user": 2, "created": "2017-08-25T10:33:51.369Z"}}, {"model": "authtoken.token", "pk": "b703941b86b3eb0c888ea4fca079561b26981609", "fields": {"user": 36, "created": "2018-01-13T05:51:55.338Z"}}, {"model": "authtoken.token", "pk": "bf67db9a6c04fcd87610196c45cb2cbc13aaccdd", "fields": {"user": 21, "created": "2018-01-12T03:48:31.434Z"}}, {"model": "authtoken.token", "pk": "c667782ff2acff312eb8d0131b24a633ea23e47e", "fields": {"user": 10, "created": "2018-01-07T02:37:07.019Z"}}, {"model": "authtoken.token", "pk": "d49448915ee29643c69c576775d484f61adaa7f9", "fields": {"user": 19, "created": "2018-01-11T16:28:39.788Z"}}, {"model": "authtoken.token", "pk": "f158b86bcc1dd316a436e92fa53be2dfe794c009", "fields": {"user": 5, "created": "2017-10-06T10:56:49.964Z"}}, {"model": "authtoken.token", "pk": "f2d41e03e65b86fe4c5e15e178a2157b462298a4", "fields": {"user": 7, "created": "2017-10-06T17:12:09.182Z"}}, {"model": "street.userprofile", "pk": 1, "fields": {"user": 17, "name": "magical", "email": "", "location": "bangalore", "longitude": null, "latitude": null, "accepted_terms_and_conditions": true, "is_mobile_verified": false, "is_active": true, "created_at": "2018-01-11T16:25:05.456Z", "modified_at": "2018-01-11T16:25:05.457Z", "avatar": "userprofilepics/sank.png", "allow_notification": 1, "rate_app": 1, "is_admin": null, "phone": null}}, {"model": "street.userprofile", "pk": 2, "fields": {"user": 18, "name": "magical", "email": "r@gmail.com", "location": "bangalore", "longitude": null, "latitude": null, "accepted_terms_and_conditions": true, "is_mobile_verified": false, "is_active": true, "created_at": "2018-01-11T16:27:13.972Z", "modified_at": "2018-01-11T16:27:13.972Z", "avatar": "userprofilepics/sank.png", "allow_notification": 1, "rate_app": 1, "is_admin": null, "phone": null}}, {"model": "street.userprofile", "pk": 3, "fields": {"user": 19, "name": "magical", "email": "", "location": "raju", "longitude": null, "latitude": null, "accepted_terms_and_conditions": true, "is_mobile_verified": false, "is_active": true, "created_at": "2018-01-11T16:28:39.775Z", "modified_at": "2018-01-11T16:58:23.295Z", "avatar": "userprofilepics/sank.png", "allow_notification": 3, "rate_app": 1, "is_admin": null, "phone": 78888888}}, {"model": "street.userprofile", "pk": 4, "fields": {"user": 21, "name": "yes", "email": "", "location": "bangalore", "longitude": null, "latitude": null, "accepted_terms_and_conditions": true, "is_mobile_verified": false, "is_active": true, "created_at": "2018-01-12T03:48:31.152Z", "modified_at": "2018-01-12T03:48:31.152Z", "avatar": "userprofilepics/sank.png", "allow_notification": 1, "rate_app": 1, "is_admin": null, "phone": 999988}}, {"model": "street.userprofile", "pk": 5, "fields": {"user": 24, "name": "yes", "email": "", "location": "bangalore", "longitude": null, "latitude": null, "accepted_terms_and_conditions": true, "is_mobile_verified": false, "is_active": true, "created_at": "2018-01-12T03:53:08.597Z", "modified_at": "2018-01-12T03:53:08.597Z", "avatar": "userprofilepics/sank.png", "allow_notification": 1, "rate_app": 1, "is_admin": null, "phone": 756456566}}, {"model": "street.userprofile", "pk": 6, "fields": {"user": 28, "name": "yes", "email": "", "location": "bangalore", "longitude": null, "latitude": null, "accepted_terms_and_conditions": true, "is_mobile_verified": false, "is_active": true, "created_at": "2018-01-12T04:05:50.870Z", "modified_at": "2018-01-12T04:05:50.870Z", "avatar": "userprofilepics/sank.png", "allow_notification": 1, "rate_app": 1, "is_admin": null, "phone": null}}, {"model": "street.userprofile", "pk": 7, "fields": {"user": 31, "name": "yes", "email": "", "location": "bangalore", "longitude": null, "latitude": null, "accepted_terms_and_conditions": true, "is_mobile_verified": false, "is_active": true, "created_at": "2018-01-12T04:52:03.266Z", "modified_at": "2018-01-12T04:52:03.266Z", "avatar": "userprofilepics/sank.png", "allow_notification": 1, "rate_app": 1, "is_admin": null, "phone": null}}, {"model": "street.userprofile", "pk": 8, "fields": {"user": 32, "name": "yes", "email": "", "location": "bangalore", "longitude": null, "latitude": null, "accepted_terms_and_conditions": true, "is_mobile_verified": false, "is_active": true, "created_at": "2018-01-12T04:52:16.785Z", "modified_at": "2018-01-12T04:52:16.785Z", "avatar": "userprofilepics/sank.png", "allow_notification": 1, "rate_app": 1, "is_admin": null, "phone": null}}, {"model": "street.userprofile", "pk": 9, "fields": {"user": 35, "name": "yes", "email": "", "location": "raju", "longitude": null, "latitude": null, "accepted_terms_and_conditions": true, "is_mobile_verified": false, "is_active": true, "created_at": "2018-01-12T15:21:04.655Z", "modified_at": "2018-01-13T05:03:26.441Z", "avatar": "userprofilepics/sank.png", "allow_notification": 1, "rate_app": 1, "is_admin": null, "phone": null}}, {"model": "street.userprofile", "pk": 10, "fields": {"user": 36, "name": "yes", "email": "", "location": "hubli", "longitude": null, "latitude": null, "accepted_terms_and_conditions": true, "is_mobile_verified": false, "is_active": true, "created_at": "2018-01-13T05:51:55Z", "modified_at": "2018-01-15T03:48:47.060Z", "avatar": "userprofilepics/sank.png", "allow_notification": 1, "rate_app": 1, "is_admin": true, "phone": null}}, {"model": "street.userprofile", "pk": 11, "fields": {"user": 37, "name": "yes", "email": "", "location": "gadag", "longitude": null, "latitude": null, "accepted_terms_and_conditions": true, "is_mobile_verified": false, "is_active": true, "created_at": "2018-01-13T05:52:32.390Z", "modified_at": "2018-01-13T05:52:32.390Z", "avatar": "userprofilepics/sank.png", "allow_notification": 1, "rate_app": 1, "is_admin": null, "phone": null}}, {"model": "street.usermedia", "pk": 16, "fields": {"user": 13, "langauage": 1, "video_link": "https://www.google.co.in/search?ei=mnNcWtfUPILK0gTOqKWgDw&q=new+thing+to+achieve+in+django&oq=new+thing+to+achieve+in+django&gs_l=psy-ab.3...96782.104887.0.105109.30.23.0.1.1.0.728.1845.0j2j2j1j6-1.6.", "audio": "upload_to_audio/tweety_R5f7qXn", "video_image": "uploadto_video_image/Workspace_1_005.png", "is_active": true, "created_at": "2018-01-17T09:41:44Z", "modified_at": "2018-01-15T09:43:13.724Z"}}, {"model": "street.usermedia", "pk": 17, "fields": {"user": 36, "langauage": 1, "video_link": "https://www.quora.com/How-can-I-create-a-video-and-photo-uploading-feature-on-my-website-using-Python-and-Django", "audio": "upload_to_audio/tweety_N3XnDBt", "video_image": "uploadto_video_image/5426743-images-download.gif", "is_active": true, "created_at": "2018-01-15T16:12:41.236Z", "modified_at": "2018-01-15T16:12:41.236Z"}}, {"model": "street.usermedia", "pk": 18, "fields": {"user": 36, "langauage": 1, "video_link": "https://www.quora.com/How-can-I-create-a-video-and-photo-uploading-feature-on-my-website-using-Python-and-Django", "audio": "upload_to_audio/tweety_uKlKQtn", "video_image": "uploadto_video_image/5426743-images-download_YHroDZx.gif", "is_active": true, "created_at": "2018-01-15T16:13:03.208Z", "modified_at": "2018-01-15T16:13:03.208Z"}}, {"model": "admin.logentry", "pk": 1, "fields": {"action_time": "2017-08-25T10:34:44.474Z", "user": 1, "content_type": 10, "object_id": "1", "object_repr": "Python Developer", "action_flag": 1, "change_message": "[{\"added\": {}}]"}}, {"model": "admin.logentry", "pk": 2, "fields": {"action_time": "2017-08-25T10:35:41.208Z", "user": 1, "content_type": 34, "object_id": "1", "object_repr": "hb@magical.pt - Python Developer", "action_flag": 1, "change_message": "[{\"added\": {}}]"}}, {"model": "admin.logentry", "pk": 3, "fields": {"action_time": "2017-08-25T10:36:23.866Z", "user": 1, "content_type": 22, "object_id": "1", "object_repr": "Computer software", "action_flag": 1, "change_message": "[{\"added\": {}}]"}}, {"model": "admin.logentry", "pk": 4, "fields": {"action_time": "2017-08-25T10:36:51.031Z", "user": 1, "content_type": 8, "object_id": "1", "object_repr": "Python", "action_flag": 1, "change_message": "[{\"added\": {}}]"}}, {"model": "admin.logentry", "pk": 5, "fields": {"action_time": "2017-08-25T10:37:22.900Z", "user": 1, "content_type": 17, "object_id": "1", "object_repr": "Python", "action_flag": 1, "change_message": "[{\"added\": {}}]"}}, {"model": "admin.logentry", "pk": 6, "fields": {"action_time": "2017-08-25T10:38:01.238Z", "user": 1, "content_type": 12, "object_id": "1", "object_repr": "Python - what is mean by this?", "action_flag": 1, "change_message": "[{\"added\": {}}, {\"added\": {\"object\": \"what is mean by this? - solu\", \"name\": \"master screening answer\"}}, {\"added\": {\"object\": \"what is mean by this? - solu\", \"name\": \"master screening answer\"}}, {\"added\": {\"object\": \"what is mean by this? - solu\", \"name\": \"master screening answer\"}}, {\"added\": {\"object\": \"what is mean by this? - solu\", \"name\": \"master screening answer\"}}]"}}, {"model": "admin.logentry", "pk": 7, "fields": {"action_time": "2017-08-25T10:38:26.178Z", "user": 1, "content_type": 33, "object_id": "1", "object_repr": "1", "action_flag": 1, "change_message": "[{\"added\": {}}]"}}, {"model": "admin.logentry", "pk": 8, "fields": {"action_time": "2017-08-25T11:37:21.726Z", "user": 1, "content_type": 12, "object_id": "2", "object_repr": "Python - when is this?", "action_flag": 1, "change_message": "[{\"added\": {}}, {\"added\": {\"object\": \"when is this? - solu\", \"name\": \"master screening answer\"}}, {\"added\": {\"object\": \"when is this? - solu\", \"name\": \"master screening answer\"}}, {\"added\": {\"object\": \"when is this? - solu\", \"name\": \"master screening answer\"}}, {\"added\": {\"object\": \"when is this? - solu\", \"name\": \"master screening answer\"}}]"}}, {"model": "admin.logentry", "pk": 9, "fields": {"action_time": "2017-08-25T11:37:41.900Z", "user": 1, "content_type": 33, "object_id": "2", "object_repr": "2", "action_flag": 1, "change_message": "[{\"added\": {}}]"}}, {"model": "admin.logentry", "pk": 10, "fields": {"action_time": "2017-08-25T11:51:30.051Z", "user": 1, "content_type": 33, "object_id": "1", "object_repr": "1", "action_flag": 3, "change_message": ""}}, {"model": "admin.logentry", "pk": 11, "fields": {"action_time": "2017-08-25T11:59:06.244Z", "user": 1, "content_type": 12, "object_id": "1", "object_repr": "Python - what is mean by this?", "action_flag": 3, "change_message": ""}}, {"model": "admin.logentry", "pk": 12, "fields": {"action_time": "2017-08-25T14:50:20.314Z", "user": 1, "content_type": 32, "object_id": "1", "object_repr": "ibm", "action_flag": 3, "change_message": ""}}, {"model": "admin.logentry", "pk": 13, "fields": {"action_time": "2017-08-25T15:01:29.663Z", "user": 1, "content_type": 32, "object_id": "3", "object_repr": "sds", "action_flag": 3, "change_message": ""}}, {"model": "admin.logentry", "pk": 14, "fields": {"action_time": "2017-08-25T15:01:29.839Z", "user": 1, "content_type": 32, "object_id": "2", "object_repr": "ibm", "action_flag": 3, "change_message": ""}}, {"model": "admin.logentry", "pk": 15, "fields": {"action_time": "2017-08-25T15:12:31.935Z", "user": 1, "content_type": 32, "object_id": "6", "object_repr": "dfdf", "action_flag": 3, "change_message": ""}}, {"model": "admin.logentry", "pk": 16, "fields": {"action_time": "2017-08-25T15:12:31.943Z", "user": 1, "content_type": 32, "object_id": "5", "object_repr": "eamil", "action_flag": 3, "change_message": ""}}, {"model": "admin.logentry", "pk": 17, "fields": {"action_time": "2017-08-25T15:12:31.977Z", "user": 1, "content_type": 32, "object_id": "4", "object_repr": "sds", "action_flag": 3, "change_message": ""}}, {"model": "admin.logentry", "pk": 18, "fields": {"action_time": "2017-08-25T15:14:02.978Z", "user": 1, "content_type": 3, "object_id": "3", "object_repr": "ravi", "action_flag": 1, "change_message": "[{\"added\": {}}]"}}, {"model": "admin.logentry", "pk": 19, "fields": {"action_time": "2017-08-25T15:14:14.874Z", "user": 1, "content_type": 7, "object_id": "58b9ab25d84a599051657a9a1bcdebfd16b4afec", "object_repr": "58b9ab25d84a599051657a9a1bcdebfd16b4afec", "action_flag": 1, "change_message": "[{\"added\": {}}]"}}, {"model": "admin.logentry", "pk": 20, "fields": {"action_time": "2017-08-25T15:16:50.285Z", "user": 1, "content_type": 32, "object_id": "7", "object_repr": "email", "action_flag": 3, "change_message": ""}}, {"model": "admin.logentry", "pk": 21, "fields": {"action_time": "2017-08-26T04:31:28.656Z", "user": 1, "content_type": 32, "object_id": "8", "object_repr": "email", "action_flag": 3, "change_message": ""}}, {"model": "admin.logentry", "pk": 22, "fields": {"action_time": "2017-08-26T06:04:45.384Z", "user": 1, "content_type": 12, "object_id": "3", "object_repr": "Python - what is mean by java?", "action_flag": 1, "change_message": "[{\"added\": {}}, {\"added\": {\"object\": \"what is mean by java? - solution is first\", \"name\": \"master screening answer\"}}, {\"added\": {\"object\": \"what is mean by java? - second solution is\", \"name\": \"master screening answer\"}}, {\"added\": {\"object\": \"what is mean by java? - scripting language\", \"name\": \"master screening answer\"}}, {\"added\": {\"object\": \"what is mean by java? - language\", \"name\": \"master screening answer\"}}]"}}, {"model": "admin.logentry", "pk": 23, "fields": {"action_time": "2017-08-26T06:05:00.934Z", "user": 1, "content_type": 12, "object_id": "2", "object_repr": "Python - when is this?", "action_flag": 2, "change_message": "[{\"changed\": {\"fields\": [\"is_right_answer\"], \"object\": \"when is this? - solu\", \"name\": \"master screening answer\"}}]"}}, {"model": "admin.logentry", "pk": 24, "fields": {"action_time": "2017-08-26T06:05:57.462Z", "user": 1, "content_type": 12, "object_id": "4", "object_repr": "Python - what is python 3.5", "action_flag": 1, "change_message": "[{\"added\": {}}, {\"added\": {\"object\": \"what is python 3.5 - python 3.2\", \"name\": \"master screening answer\"}}, {\"added\": {\"object\": \"what is python 3.5 - python 3.5\", \"name\": \"master screening answer\"}}, {\"added\": {\"object\": \"what is python 3.5 - python good\", \"name\": \"master screening answer\"}}, {\"added\": {\"object\": \"what is python 3.5 - python 4.5\", \"name\": \"master screening answer\"}}]"}}, {"model": "admin.logentry", "pk": 25, "fields": {"action_time": "2017-08-26T06:57:27.600Z", "user": 1, "content_type": 9, "object_id": "2", "object_repr": "hb@magical.pt - raghu", "action_flag": 2, "change_message": "[{\"changed\": {\"fields\": [\"is_phone_verified\", \"is_email_verified\", \"is_linked_in_verified\"]}}]"}}, {"model": "admin.logentry", "pk": 26, "fields": {"action_time": "2017-08-26T10:21:24.119Z", "user": 1, "content_type": 33, "object_id": "3", "object_repr": "4", "action_flag": 1, "change_message": "[{\"added\": {}}]"}}, {"model": "admin.logentry", "pk": 27, "fields": {"action_time": "2017-08-28T09:58:51.271Z", "user": 1, "content_type": 12, "object_id": "3", "object_repr": "Python - what is mean by java?", "action_flag": 2, "change_message": "[{\"changed\": {\"fields\": [\"is_important\"]}}]"}}, {"model": "admin.logentry", "pk": 28, "fields": {"action_time": "2017-08-28T09:59:16.323Z", "user": 1, "content_type": 12, "object_id": "4", "object_repr": "Python - what is python 3.5", "action_flag": 2, "change_message": "[{\"changed\": {\"fields\": [\"is_important\"]}}]"}}, {"model": "admin.logentry", "pk": 29, "fields": {"action_time": "2017-08-28T10:22:51.046Z", "user": 1, "content_type": 32, "object_id": "9", "object_repr": "magical Imagination", "action_flag": 3, "change_message": ""}}, {"model": "admin.logentry", "pk": 30, "fields": {"action_time": "2017-08-28T13:01:50.280Z", "user": 1, "content_type": 37, "object_id": "1", "object_repr": "Python Developer looking for Python", "action_flag": 1, "change_message": "[{\"added\": {}}]"}}, {"model": "admin.logentry", "pk": 31, "fields": {"action_time": "2017-08-29T05:16:38.213Z", "user": 1, "content_type": 27, "object_id": "1", "object_repr": "hb@magical.pt", "action_flag": 1, "change_message": "[{\"added\": {}}]"}}, {"model": "admin.logentry", "pk": 32, "fields": {"action_time": "2017-08-29T05:18:32.927Z", "user": 1, "content_type": 27, "object_id": "2", "object_repr": "hb@magical.pt", "action_flag": 1, "change_message": "[{\"added\": {}}]"}}, {"model": "admin.logentry", "pk": 33, "fields": {"action_time": "2017-08-29T05:18:49.673Z", "user": 1, "content_type": 27, "object_id": "1", "object_repr": "hb@magical.pt", "action_flag": 2, "change_message": "[{\"changed\": {\"fields\": [\"is_correct_answer\"]}}]"}}, {"model": "admin.logentry", "pk": 34, "fields": {"action_time": "2017-08-29T05:26:21.748Z", "user": 1, "content_type": 27, "object_id": "2", "object_repr": "hb@magical.pt", "action_flag": 2, "change_message": "[{\"changed\": {\"fields\": [\"screening_question\"]}}]"}}, {"model": "admin.logentry", "pk": 35, "fields": {"action_time": "2017-08-29T06:08:52.257Z", "user": 1, "content_type": 29, "object_id": "4", "object_repr": "918861568317", "action_flag": 1, "change_message": "[{\"added\": {}}]"}}, {"model": "admin.logentry", "pk": 36, "fields": {"action_time": "2017-08-29T10:07:54.465Z", "user": 1, "content_type": 27, "object_id": "2", "object_repr": "hb@magical.pt", "action_flag": 3, "change_message": ""}}, {"model": "admin.logentry", "pk": 37, "fields": {"action_time": "2017-08-29T11:15:08.339Z", "user": 1, "content_type": 27, "object_id": "3", "object_repr": "hb@magical.pt", "action_flag": 1, "change_message": "[{\"added\": {}}]"}}, {"model": "admin.logentry", "pk": 38, "fields": {"action_time": "2017-08-29T12:06:07.151Z", "user": 1, "content_type": 8, "object_id": "2", "object_repr": "Django", "action_flag": 1, "change_message": "[{\"added\": {}}]"}}, {"model": "admin.logentry", "pk": 39, "fields": {"action_time": "2017-08-29T12:06:14.012Z", "user": 1, "content_type": 17, "object_id": "2", "object_repr": "Django", "action_flag": 1, "change_message": "[{\"added\": {}}]"}}, {"model": "admin.logentry", "pk": 40, "fields": {"action_time": "2017-08-29T12:06:20.127Z", "user": 1, "content_type": 12, "object_id": "4", "object_repr": "Django - what is python 3.5", "action_flag": 2, "change_message": "[{\"changed\": {\"fields\": [\"master_key_skill\"]}}]"}}, {"model": "admin.logentry", "pk": 41, "fields": {"action_time": "2017-10-06T11:02:15.441Z", "user": 1, "content_type": 40, "object_id": "1", "object_repr": "magical - ", "action_flag": 2, "change_message": "Changed is_admin."}}, {"model": "admin.logentry", "pk": 42, "fields": {"action_time": "2017-10-06T11:12:56.730Z", "user": 1, "content_type": 41, "object_id": "1", "object_repr": "hello", "action_flag": 2, "change_message": "Changed task_headline and task_status."}}, {"model": "admin.logentry", "pk": 43, "fields": {"action_time": "2017-10-06T11:21:23.713Z", "user": 1, "content_type": 40, "object_id": "1", "object_repr": "magical - ", "action_flag": 2, "change_message": "Changed is_admin."}}, {"model": "admin.logentry", "pk": 44, "fields": {"action_time": "2017-10-06T11:21:38.552Z", "user": 1, "content_type": 40, "object_id": "1", "object_repr": "magical - ", "action_flag": 2, "change_message": "Changed role."}}, {"model": "admin.logentry", "pk": 45, "fields": {"action_time": "2017-10-06T11:22:21.281Z", "user": 1, "content_type": 40, "object_id": "1", "object_repr": "magical - ", "action_flag": 2, "change_message": "Changed role and is_admin."}}, {"model": "admin.logentry", "pk": 46, "fields": {"action_time": "2017-10-06T11:22:44.001Z", "user": 1, "content_type": 40, "object_id": "1", "object_repr": "magical - ", "action_flag": 2, "change_message": "Changed role and is_teacher."}}, {"model": "admin.logentry", "pk": 47, "fields": {"action_time": "2017-10-06T13:01:27.377Z", "user": 1, "content_type": null, "object_id": "1", "object_repr": "1,2", "action_flag": 1, "change_message": "Added."}}, {"model": "admin.logentry", "pk": 48, "fields": {"action_time": "2017-10-06T13:21:53.148Z", "user": 1, "content_type": null, "object_id": "1", "object_repr": "Store object", "action_flag": 1, "change_message": "Added."}}, {"model": "admin.logentry", "pk": 49, "fields": {"action_time": "2017-10-06T13:25:34.387Z", "user": 1, "content_type": 41, "object_id": "3", "object_repr": "no", "action_flag": 2, "change_message": "Changed assign_to."}}, {"model": "admin.logentry", "pk": 50, "fields": {"action_time": "2017-10-06T13:49:33.143Z", "user": 1, "content_type": 41, "object_id": "3", "object_repr": "no", "action_flag": 3, "change_message": ""}}, {"model": "admin.logentry", "pk": 51, "fields": {"action_time": "2017-10-06T13:49:33.155Z", "user": 1, "content_type": 41, "object_id": "2", "object_repr": "hi", "action_flag": 3, "change_message": ""}}, {"model": "admin.logentry", "pk": 52, "fields": {"action_time": "2017-10-06T13:49:33.166Z", "user": 1, "content_type": 41, "object_id": "1", "object_repr": "hello", "action_flag": 3, "change_message": ""}}, {"model": "admin.logentry", "pk": 53, "fields": {"action_time": "2017-10-06T13:50:05.325Z", "user": 1, "content_type": 41, "object_id": "4", "object_repr": "maths", "action_flag": 1, "change_message": "Added."}}, {"model": "admin.logentry", "pk": 54, "fields": {"action_time": "2017-10-06T13:51:45.999Z", "user": 1, "content_type": null, "object_id": "1", "object_repr": "maths", "action_flag": 1, "change_message": "Added."}}, {"model": "admin.logentry", "pk": 55, "fields": {"action_time": "2017-10-06T13:53:11.236Z", "user": 1, "content_type": 41, "object_id": "5", "object_repr": "physics", "action_flag": 1, "change_message": "Added."}}, {"model": "admin.logentry", "pk": 56, "fields": {"action_time": "2017-10-06T14:25:02.573Z", "user": 1, "content_type": 40, "object_id": "1", "object_repr": "magical - ", "action_flag": 2, "change_message": "Changed is_admin and is_student."}}, {"model": "admin.logentry", "pk": 57, "fields": {"action_time": "2017-10-06T14:40:35.511Z", "user": 1, "content_type": null, "object_id": "3", "object_repr": "physics", "action_flag": 3, "change_message": ""}}, {"model": "admin.logentry", "pk": 58, "fields": {"action_time": "2017-10-06T14:40:35.540Z", "user": 1, "content_type": null, "object_id": "2", "object_repr": "physics", "action_flag": 3, "change_message": ""}}, {"model": "admin.logentry", "pk": 59, "fields": {"action_time": "2017-10-06T14:40:35.551Z", "user": 1, "content_type": null, "object_id": "1", "object_repr": "maths", "action_flag": 3, "change_message": ""}}, {"model": "admin.logentry", "pk": 60, "fields": {"action_time": "2017-10-06T14:48:41.600Z", "user": 1, "content_type": null, "object_id": "4", "object_repr": "no", "action_flag": 1, "change_message": "Added."}}, {"model": "admin.logentry", "pk": 61, "fields": {"action_time": "2017-10-06T15:16:01.228Z", "user": 1, "content_type": null, "object_id": "4", "object_repr": "no", "action_flag": 2, "change_message": "Changed task_status."}}, {"model": "admin.logentry", "pk": 62, "fields": {"action_time": "2017-10-06T15:43:16.924Z", "user": 1, "content_type": null, "object_id": "4", "object_repr": "no", "action_flag": 2, "change_message": "Changed task_status."}}, {"model": "admin.logentry", "pk": 63, "fields": {"action_time": "2017-10-06T15:48:58.556Z", "user": 1, "content_type": null, "object_id": "5", "object_repr": "physics", "action_flag": 1, "change_message": "Added."}}, {"model": "admin.logentry", "pk": 64, "fields": {"action_time": "2017-10-06T16:03:02.814Z", "user": 1, "content_type": 40, "object_id": "1", "object_repr": "magical - ", "action_flag": 2, "change_message": "Changed role and is_admin."}}, {"model": "admin.logentry", "pk": 65, "fields": {"action_time": "2017-10-06T16:10:29.847Z", "user": 1, "content_type": null, "object_id": "5", "object_repr": "physics", "action_flag": 2, "change_message": "Changed task_status."}}, {"model": "admin.logentry", "pk": 66, "fields": {"action_time": "2017-10-06T16:10:37.488Z", "user": 1, "content_type": null, "object_id": "4", "object_repr": "no", "action_flag": 2, "change_message": "Changed task_status."}}, {"model": "admin.logentry", "pk": 67, "fields": {"action_time": "2017-10-06T16:14:34.494Z", "user": 1, "content_type": null, "object_id": "6", "object_repr": "physics", "action_flag": 2, "change_message": "Changed student_to."}}, {"model": "admin.logentry", "pk": 68, "fields": {"action_time": "2017-10-06T16:14:40.796Z", "user": 1, "content_type": null, "object_id": "5", "object_repr": "physics", "action_flag": 2, "change_message": "Changed student_to."}}, {"model": "admin.logentry", "pk": 69, "fields": {"action_time": "2017-10-06T16:14:47.246Z", "user": 1, "content_type": null, "object_id": "4", "object_repr": "no", "action_flag": 2, "change_message": "Changed student_to."}}, {"model": "admin.logentry", "pk": 70, "fields": {"action_time": "2017-10-06T16:22:11.210Z", "user": 1, "content_type": null, "object_id": "6", "object_repr": "physics", "action_flag": 2, "change_message": "Changed task_status."}}, {"model": "admin.logentry", "pk": 71, "fields": {"action_time": "2017-10-06T16:44:02.468Z", "user": 1, "content_type": null, "object_id": "4", "object_repr": "no", "action_flag": 2, "change_message": "Changed student_to."}}, {"model": "admin.logentry", "pk": 72, "fields": {"action_time": "2017-10-06T16:58:25.820Z", "user": 1, "content_type": 41, "object_id": "8", "object_repr": "science", "action_flag": 1, "change_message": "Added."}}, {"model": "admin.logentry", "pk": 73, "fields": {"action_time": "2017-10-06T16:59:33.421Z", "user": 1, "content_type": null, "object_id": "7", "object_repr": "science", "action_flag": 3, "change_message": ""}}, {"model": "admin.logentry", "pk": 74, "fields": {"action_time": "2017-12-20T16:00:05.160Z", "user": 1, "content_type": 50, "object_id": "1", "object_repr": "Book object", "action_flag": 1, "change_message": "Added."}}, {"model": "admin.logentry", "pk": 75, "fields": {"action_time": "2017-12-22T16:06:44.497Z", "user": 1, "content_type": 47, "object_id": "1", "object_repr": "UserProfile object", "action_flag": 1, "change_message": "Added."}}, {"model": "admin.logentry", "pk": 76, "fields": {"action_time": "2018-01-03T06:44:01.582Z", "user": 1, "content_type": 50, "object_id": "2", "object_repr": "wings of fire", "action_flag": 1, "change_message": "Added."}}, {"model": "admin.logentry", "pk": 77, "fields": {"action_time": "2018-01-03T06:44:15.657Z", "user": 1, "content_type": 50, "object_id": "3", "object_repr": "lux", "action_flag": 1, "change_message": "Added."}}, {"model": "admin.logentry", "pk": 78, "fields": {"action_time": "2018-01-07T02:38:37.825Z", "user": 1, "content_type": 40, "object_id": "4", "object_repr": "yes@gmail.com - ", "action_flag": 2, "change_message": "Changed role."}}, {"model": "admin.logentry", "pk": 79, "fields": {"action_time": "2018-01-11T16:15:42.119Z", "user": 1, "content_type": 3, "object_id": "13", "object_repr": "ra@gmail.com", "action_flag": 3, "change_message": ""}}, {"model": "admin.logentry", "pk": 80, "fields": {"action_time": "2018-01-11T16:15:42.203Z", "user": 1, "content_type": 3, "object_id": "3", "object_repr": "ravi", "action_flag": 3, "change_message": ""}}, {"model": "admin.logentry", "pk": 81, "fields": {"action_time": "2018-01-11T16:15:42.214Z", "user": 1, "content_type": 3, "object_id": "12", "object_repr": "ravi@gmail.com", "action_flag": 3, "change_message": ""}}, {"model": "admin.logentry", "pk": 82, "fields": {"action_time": "2018-01-11T16:15:42.225Z", "user": 1, "content_type": 3, "object_id": "14", "object_repr": "sa@gmail.com", "action_flag": 3, "change_message": ""}}, {"model": "admin.logentry", "pk": 83, "fields": {"action_time": "2018-01-11T16:33:16.849Z", "user": 1, "content_type": 3, "object_id": "16", "object_repr": "ty@gmail.com", "action_flag": 3, "change_message": ""}}, {"model": "admin.logentry", "pk": 84, "fields": {"action_time": "2018-01-11T16:43:00.686Z", "user": 1, "content_type": 52, "object_id": "1", "object_repr": "78888888 - magical - sccc", "action_flag": 1, "change_message": "Added."}}, {"model": "admin.logentry", "pk": 85, "fields": {"action_time": "2018-01-11T17:02:02.039Z", "user": 1, "content_type": 54, "object_id": "1", "object_repr": "annoucement 1", "action_flag": 1, "change_message": "Added."}}, {"model": "admin.logentry", "pk": 86, "fields": {"action_time": "2018-01-11T17:02:19.341Z", "user": 1, "content_type": 54, "object_id": "2", "object_repr": "annoucuemnt2", "action_flag": 1, "change_message": "Added."}}, {"model": "admin.logentry", "pk": 87, "fields": {"action_time": "2018-01-11T17:05:49.647Z", "user": 1, "content_type": 54, "object_id": "1", "object_repr": "annoucement 1", "action_flag": 2, "change_message": "Changed annoucement_date."}}, {"model": "admin.logentry", "pk": 88, "fields": {"action_time": "2018-01-11T17:06:33.247Z", "user": 1, "content_type": 54, "object_id": "1", "object_repr": "annoucement 1", "action_flag": 2, "change_message": "Changed annoucement_date."}}, {"model": "admin.logentry", "pk": 89, "fields": {"action_time": "2018-01-11T17:07:10.524Z", "user": 1, "content_type": 54, "object_id": "3", "object_repr": "annocument3", "action_flag": 1, "change_message": "Added."}}, {"model": "admin.logentry", "pk": 90, "fields": {"action_time": "2018-01-12T04:11:58.934Z", "user": 1, "content_type": 3, "object_id": "11", "object_repr": "4755888", "action_flag": 3, "change_message": ""}}, {"model": "admin.logentry", "pk": 91, "fields": {"action_time": "2018-01-12T04:11:59.051Z", "user": 1, "content_type": 3, "object_id": "24", "object_repr": "756456566", "action_flag": 3, "change_message": ""}}, {"model": "admin.logentry", "pk": 92, "fields": {"action_time": "2018-01-12T04:11:59.062Z", "user": 1, "content_type": 3, "object_id": "23", "object_repr": "7855522525225", "action_flag": 3, "change_message": ""}}, {"model": "admin.logentry", "pk": 93, "fields": {"action_time": "2018-01-12T04:11:59.073Z", "user": 1, "content_type": 3, "object_id": "19", "object_repr": "78888888", "action_flag": 3, "change_message": ""}}, {"model": "admin.logentry", "pk": 94, "fields": {"action_time": "2018-01-12T04:11:59.084Z", "user": 1, "content_type": 3, "object_id": "13", "object_repr": "ra@gmail.com", "action_flag": 3, "change_message": ""}}, {"model": "admin.logentry", "pk": 95, "fields": {"action_time": "2018-01-12T04:11:59.095Z", "user": 1, "content_type": 3, "object_id": "15", "object_repr": "raj@gmail.com", "action_flag": 3, "change_message": ""}}, {"model": "admin.logentry", "pk": 96, "fields": {"action_time": "2018-01-12T04:11:59.106Z", "user": 1, "content_type": 3, "object_id": "3", "object_repr": "ravi", "action_flag": 3, "change_message": ""}}, {"model": "admin.logentry", "pk": 97, "fields": {"action_time": "2018-01-12T04:11:59.118Z", "user": 1, "content_type": 3, "object_id": "12", "object_repr": "ravi@gmail.com", "action_flag": 3, "change_message": ""}}, {"model": "admin.logentry", "pk": 98, "fields": {"action_time": "2018-01-12T04:11:59.129Z", "user": 1, "content_type": 3, "object_id": "7", "object_repr": "red@gmail.com", "action_flag": 3, "change_message": ""}}, {"model": "admin.logentry", "pk": 99, "fields": {"action_time": "2018-01-12T04:11:59.140Z", "user": 1, "content_type": 3, "object_id": "27", "object_repr": "ro.ragh4n4@gmail.com", "action_flag": 3, "change_message": ""}}, {"model": "admin.logentry", "pk": 100, "fields": {"action_time": "2018-01-12T04:11:59.151Z", "user": 1, "content_type": 3, "object_id": "26", "object_repr": "ro.raghn4@gmail.com", "action_flag": 3, "change_message": ""}}, {"model": "admin.logentry", "pk": 101, "fields": {"action_time": "2018-01-12T04:11:59.162Z", "user": 1, "content_type": 3, "object_id": "25", "object_repr": "ro.raghn@gmail.com", "action_flag": 3, "change_message": ""}}, {"model": "admin.logentry", "pk": 102, "fields": {"action_time": "2018-01-12T04:11:59.173Z", "user": 1, "content_type": 3, "object_id": "14", "object_repr": "sa@gmail.com", "action_flag": 3, "change_message": ""}}, {"model": "admin.logentry", "pk": 103, "fields": {"action_time": "2018-01-12T04:11:59.184Z", "user": 1, "content_type": 3, "object_id": "17", "object_repr": "t@gmail.com", "action_flag": 3, "change_message": ""}}, {"model": "admin.logentry", "pk": 104, "fields": {"action_time": "2018-01-12T04:11:59.195Z", "user": 1, "content_type": 3, "object_id": "20", "object_repr": "vimal@gmail.com", "action_flag": 3, "change_message": ""}}, {"model": "admin.logentry", "pk": 105, "fields": {"action_time": "2018-01-12T04:11:59.207Z", "user": 1, "content_type": 3, "object_id": "10", "object_repr": "yes@gmail.com", "action_flag": 3, "change_message": ""}}, {"model": "admin.logentry", "pk": 106, "fields": {"action_time": "2018-01-12T15:14:11.183Z", "user": 1, "content_type": 3, "object_id": "11", "object_repr": "4755888", "action_flag": 3, "change_message": ""}}, {"model": "admin.logentry", "pk": 107, "fields": {"action_time": "2018-01-12T15:14:11.415Z", "user": 1, "content_type": 3, "object_id": "32", "object_repr": "575454455", "action_flag": 3, "change_message": ""}}, {"model": "admin.logentry", "pk": 108, "fields": {"action_time": "2018-01-12T15:14:11.437Z", "user": 1, "content_type": 3, "object_id": "24", "object_repr": "756456566", "action_flag": 3, "change_message": ""}}, {"model": "admin.logentry", "pk": 109, "fields": {"action_time": "2018-01-12T15:14:11.448Z", "user": 1, "content_type": 3, "object_id": "23", "object_repr": "7855522525225", "action_flag": 3, "change_message": ""}}, {"model": "admin.logentry", "pk": 110, "fields": {"action_time": "2018-01-12T15:14:11.459Z", "user": 1, "content_type": 3, "object_id": "19", "object_repr": "78888888", "action_flag": 3, "change_message": ""}}, {"model": "admin.logentry", "pk": 111, "fields": {"action_time": "2018-01-12T15:14:11.470Z", "user": 1, "content_type": 3, "object_id": "26", "object_repr": "ro.raghn4@gmail.com", "action_flag": 3, "change_message": ""}}, {"model": "admin.logentry", "pk": 112, "fields": {"action_time": "2018-01-12T15:14:11.481Z", "user": 1, "content_type": 3, "object_id": "25", "object_repr": "ro.raghn@gmail.com", "action_flag": 3, "change_message": ""}}, {"model": "admin.logentry", "pk": 113, "fields": {"action_time": "2018-01-12T15:14:11.492Z", "user": 1, "content_type": 3, "object_id": "14", "object_repr": "sa@gmail.com", "action_flag": 3, "change_message": ""}}, {"model": "admin.logentry", "pk": 114, "fields": {"action_time": "2018-01-12T15:14:11.503Z", "user": 1, "content_type": 3, "object_id": "17", "object_repr": "t@gmail.com", "action_flag": 3, "change_message": ""}}, {"model": "admin.logentry", "pk": 115, "fields": {"action_time": "2018-01-12T15:14:11.514Z", "user": 1, "content_type": 3, "object_id": "20", "object_repr": "vimal@gmail.com", "action_flag": 3, "change_message": ""}}, {"model": "admin.logentry", "pk": 116, "fields": {"action_time": "2018-01-12T15:14:11.526Z", "user": 1, "content_type": 3, "object_id": "10", "object_repr": "yes@gmail.com", "action_flag": 3, "change_message": ""}}, {"model": "admin.logentry", "pk": 117, "fields": {"action_time": "2018-01-13T04:51:29.525Z", "user": 1, "content_type": 52, "object_id": "3", "object_repr": "999988 - yes - sadsf", "action_flag": 1, "change_message": "Added."}}, {"model": "admin.logentry", "pk": 118, "fields": {"action_time": "2018-01-13T05:05:29.979Z", "user": 1, "content_type": 52, "object_id": "4", "object_repr": "i@gmail.com - yes - fsdf", "action_flag": 1, "change_message": "Added."}}, {"model": "admin.logentry", "pk": 119, "fields": {"action_time": "2018-01-13T05:09:15.804Z", "user": 1, "content_type": 52, "object_id": "5", "object_repr": "rerere@gmail.com - yes - sscds", "action_flag": 1, "change_message": "Added."}}, {"model": "admin.logentry", "pk": 120, "fields": {"action_time": "2018-01-13T05:11:17.752Z", "user": 1, "content_type": 53, "object_id": "4", "object_repr": "rerere@gmail.com - yes - sscds", "action_flag": 3, "change_message": ""}}, {"model": "admin.logentry", "pk": 121, "fields": {"action_time": "2018-01-13T05:11:17.763Z", "user": 1, "content_type": 53, "object_id": "3", "object_repr": "rerere@gmail.com - yes - sscds", "action_flag": 3, "change_message": ""}}, {"model": "admin.logentry", "pk": 122, "fields": {"action_time": "2018-01-13T05:11:17.774Z", "user": 1, "content_type": 53, "object_id": "2", "object_repr": "rerere@gmail.com - yes - sscds", "action_flag": 3, "change_message": ""}}, {"model": "admin.logentry", "pk": 123, "fields": {"action_time": "2018-01-13T05:11:17.785Z", "user": 1, "content_type": 53, "object_id": "1", "object_repr": "999988 - yes - sadsf", "action_flag": 3, "change_message": ""}}, {"model": "admin.logentry", "pk": 124, "fields": {"action_time": "2018-01-13T05:18:36.047Z", "user": 1, "content_type": 52, "object_id": "6", "object_repr": "ro.ragh4@gmail.com - yes - sasc", "action_flag": 1, "change_message": "Added."}}, {"model": "admin.logentry", "pk": 125, "fields": {"action_time": "2018-01-13T05:26:22.818Z", "user": 1, "content_type": 54, "object_id": "4", "object_repr": "upcoming list", "action_flag": 1, "change_message": "Added."}}, {"model": "admin.logentry", "pk": 126, "fields": {"action_time": "2018-01-13T05:53:12.871Z", "user": 1, "content_type": 53, "object_id": "10", "object_repr": "ro.ragh4@gmail.com - yes - sasc", "action_flag": 3, "change_message": ""}}, {"model": "admin.logentry", "pk": 127, "fields": {"action_time": "2018-01-13T05:53:12.903Z", "user": 1, "content_type": 53, "object_id": "9", "object_repr": "ro.ragh4@gmail.com - yes - sasc", "action_flag": 3, "change_message": ""}}, {"model": "admin.logentry", "pk": 128, "fields": {"action_time": "2018-01-13T05:53:12.914Z", "user": 1, "content_type": 53, "object_id": "8", "object_repr": "ro.ragh4@gmail.com - yes - sasc", "action_flag": 3, "change_message": ""}}, {"model": "admin.logentry", "pk": 129, "fields": {"action_time": "2018-01-13T05:53:12.925Z", "user": 1, "content_type": 53, "object_id": "7", "object_repr": "ro.ragh4@gmail.com - yes - sasc", "action_flag": 3, "change_message": ""}}, {"model": "admin.logentry", "pk": 130, "fields": {"action_time": "2018-01-13T05:53:12.936Z", "user": 1, "content_type": 53, "object_id": "6", "object_repr": "rerere@gmail.com - yes - sscds", "action_flag": 3, "change_message": ""}}, {"model": "admin.logentry", "pk": 131, "fields": {"action_time": "2018-01-13T05:53:12.947Z", "user": 1, "content_type": 53, "object_id": "5", "object_repr": "rerere@gmail.com - yes - sscds", "action_flag": 3, "change_message": ""}}, {"model": "admin.logentry", "pk": 132, "fields": {"action_time": "2018-01-13T06:00:39.172Z", "user": 1, "content_type": 53, "object_id": "15", "object_repr": "9900881075 - yes - check", "action_flag": 3, "change_message": ""}}, {"model": "admin.logentry", "pk": 133, "fields": {"action_time": "2018-01-13T06:00:39.219Z", "user": 1, "content_type": 53, "object_id": "14", "object_repr": "9900881075 - yes - check", "action_flag": 3, "change_message": ""}}, {"model": "admin.logentry", "pk": 134, "fields": {"action_time": "2018-01-13T06:00:39.230Z", "user": 1, "content_type": 53, "object_id": "13", "object_repr": "9900881075 - yes - check", "action_flag": 3, "change_message": ""}}, {"model": "admin.logentry", "pk": 135, "fields": {"action_time": "2018-01-13T06:00:39.241Z", "user": 1, "content_type": 53, "object_id": "12", "object_repr": "9900881075 - yes - check", "action_flag": 3, "change_message": ""}}, {"model": "admin.logentry", "pk": 136, "fields": {"action_time": "2018-01-13T06:00:39.252Z", "user": 1, "content_type": 53, "object_id": "11", "object_repr": "9900881075 - yes - check", "action_flag": 3, "change_message": ""}}, {"model": "admin.logentry", "pk": 137, "fields": {"action_time": "2018-01-13T06:12:21.734Z", "user": 1, "content_type": 52, "object_id": "6", "object_repr": "7829322738 - yes - sasc", "action_flag": 2, "change_message": "Changed user."}}, {"model": "admin.logentry", "pk": 138, "fields": {"action_time": "2018-01-13T06:13:50.620Z", "user": 1, "content_type": 53, "object_id": "18", "object_repr": "7829322738 - yes - sasc", "action_flag": 3, "change_message": ""}}, {"model": "admin.logentry", "pk": 139, "fields": {"action_time": "2018-01-13T06:13:50.671Z", "user": 1, "content_type": 53, "object_id": "17", "object_repr": "9900881075 - yes - check", "action_flag": 3, "change_message": ""}}, {"model": "admin.logentry", "pk": 140, "fields": {"action_time": "2018-01-13T06:13:50.682Z", "user": 1, "content_type": 53, "object_id": "16", "object_repr": "9900881075 - yes - check", "action_flag": 3, "change_message": ""}}, {"model": "admin.logentry", "pk": 141, "fields": {"action_time": "2018-01-13T06:26:25.261Z", "user": 1, "content_type": 55, "object_id": "1", "object_repr": "Kannada", "action_flag": 1, "change_message": "Added."}}, {"model": "admin.logentry", "pk": 142, "fields": {"action_time": "2018-01-13T06:26:32.078Z", "user": 1, "content_type": 55, "object_id": "2", "object_repr": "English", "action_flag": 1, "change_message": "Added."}}, {"model": "admin.logentry", "pk": 143, "fields": {"action_time": "2018-01-13T06:26:40.066Z", "user": 1, "content_type": 55, "object_id": "3", "object_repr": "Tamil", "action_flag": 1, "change_message": "Added."}}, {"model": "admin.logentry", "pk": 144, "fields": {"action_time": "2018-01-13T06:27:42.498Z", "user": 1, "content_type": 56, "object_id": "1", "object_repr": "Kannada", "action_flag": 1, "change_message": "Added."}}, {"model": "admin.logentry", "pk": 145, "fields": {"action_time": "2018-01-13T06:28:21.137Z", "user": 1, "content_type": 56, "object_id": "2", "object_repr": "English", "action_flag": 1, "change_message": "Added."}}, {"model": "admin.logentry", "pk": 146, "fields": {"action_time": "2018-01-13T07:59:17.239Z", "user": 1, "content_type": 58, "object_id": "2", "object_repr": "asdasdasdasdASDASDASDASX", "action_flag": 1, "change_message": "Added."}}, {"model": "admin.logentry", "pk": 147, "fields": {"action_time": "2018-01-13T14:34:03.334Z", "user": 1, "content_type": 56, "object_id": "2", "object_repr": "English", "action_flag": 2, "change_message": "Changed created_at."}}, {"model": "admin.logentry", "pk": 148, "fields": {"action_time": "2018-01-13T14:34:50.822Z", "user": 1, "content_type": 56, "object_id": "2", "object_repr": "English", "action_flag": 2, "change_message": "Changed created_at."}}, {"model": "admin.logentry", "pk": 149, "fields": {"action_time": "2018-01-13T14:35:09.141Z", "user": 1, "content_type": 56, "object_id": "2", "object_repr": "English", "action_flag": 2, "change_message": "Changed created_at."}}, {"model": "admin.logentry", "pk": 150, "fields": {"action_time": "2018-01-13T14:35:49.258Z", "user": 1, "content_type": 56, "object_id": "2", "object_repr": "English", "action_flag": 2, "change_message": "Changed created_at."}}, {"model": "admin.logentry", "pk": 151, "fields": {"action_time": "2018-01-13T14:36:09.252Z", "user": 1, "content_type": 56, "object_id": "1", "object_repr": "Kannada", "action_flag": 2, "change_message": "Changed created_at."}}, {"model": "admin.logentry", "pk": 152, "fields": {"action_time": "2018-01-15T03:33:24.077Z", "user": 1, "content_type": 51, "object_id": "10", "object_repr": "7829322738 - yes", "action_flag": 2, "change_message": "Changed is_admin."}}, {"model": "admin.logentry", "pk": 153, "fields": {"action_time": "2018-01-15T03:39:01.324Z", "user": 1, "content_type": 51, "object_id": "10", "object_repr": "7829322738 - yes", "action_flag": 2, "change_message": "Changed is_admin."}}, {"model": "admin.logentry", "pk": 154, "fields": {"action_time": "2018-01-15T03:48:47.065Z", "user": 1, "content_type": 51, "object_id": "10", "object_repr": "7829322738 - yes", "action_flag": 2, "change_message": "Changed is_admin."}}, {"model": "admin.logentry", "pk": 155, "fields": {"action_time": "2018-01-15T03:51:07.881Z", "user": 1, "content_type": 56, "object_id": "4", "object_repr": "Kannada", "action_flag": 3, "change_message": ""}}, {"model": "admin.logentry", "pk": 156, "fields": {"action_time": "2018-01-15T03:51:07.921Z", "user": 1, "content_type": 56, "object_id": "3", "object_repr": "Kannada", "action_flag": 3, "change_message": ""}}, {"model": "admin.logentry", "pk": 157, "fields": {"action_time": "2018-01-15T04:02:21.792Z", "user": 1, "content_type": 56, "object_id": "8", "object_repr": "Kannada", "action_flag": 3, "change_message": ""}}, {"model": "admin.logentry", "pk": 158, "fields": {"action_time": "2018-01-15T04:02:21.823Z", "user": 1, "content_type": 56, "object_id": "7", "object_repr": "Kannada", "action_flag": 3, "change_message": ""}}, {"model": "admin.logentry", "pk": 159, "fields": {"action_time": "2018-01-15T04:02:21.834Z", "user": 1, "content_type": 56, "object_id": "6", "object_repr": "Kannada", "action_flag": 3, "change_message": ""}}, {"model": "admin.logentry", "pk": 160, "fields": {"action_time": "2018-01-15T04:02:21.845Z", "user": 1, "content_type": 56, "object_id": "5", "object_repr": "Kannada", "action_flag": 3, "change_message": ""}}, {"model": "admin.logentry", "pk": 161, "fields": {"action_time": "2018-01-15T04:31:43.784Z", "user": 1, "content_type": 56, "object_id": "13", "object_repr": "English", "action_flag": 2, "change_message": "Changed audio and video_image."}}, {"model": "admin.logentry", "pk": 162, "fields": {"action_time": "2018-01-15T09:36:50.493Z", "user": 1, "content_type": 52, "object_id": "8", "object_repr": "78888888 - magical - dsad", "action_flag": 1, "change_message": "Added."}}, {"model": "admin.logentry", "pk": 163, "fields": {"action_time": "2018-01-15T09:41:41.881Z", "user": 1, "content_type": 56, "object_id": "15", "object_repr": "English", "action_flag": 3, "change_message": ""}}, {"model": "admin.logentry", "pk": 164, "fields": {"action_time": "2018-01-15T09:41:41.895Z", "user": 1, "content_type": 56, "object_id": "14", "object_repr": "None", "action_flag": 3, "change_message": ""}}, {"model": "admin.logentry", "pk": 165, "fields": {"action_time": "2018-01-15T09:41:41.906Z", "user": 1, "content_type": 56, "object_id": "13", "object_repr": "English", "action_flag": 3, "change_message": ""}}, {"model": "admin.logentry", "pk": 166, "fields": {"action_time": "2018-01-15T09:41:41.917Z", "user": 1, "content_type": 56, "object_id": "12", "object_repr": "English", "action_flag": 3, "change_message": ""}}, {"model": "admin.logentry", "pk": 167, "fields": {"action_time": "2018-01-15T09:41:41.928Z", "user": 1, "content_type": 56, "object_id": "11", "object_repr": "English", "action_flag": 3, "change_message": ""}}, {"model": "admin.logentry", "pk": 168, "fields": {"action_time": "2018-01-15T09:41:41.939Z", "user": 1, "content_type": 56, "object_id": "10", "object_repr": "Kannada", "action_flag": 3, "change_message": ""}}, {"model": "admin.logentry", "pk": 169, "fields": {"action_time": "2018-01-15T09:41:41.950Z", "user": 1, "content_type": 56, "object_id": "9", "object_repr": "Kannada", "action_flag": 3, "change_message": ""}}, {"model": "admin.logentry", "pk": 170, "fields": {"action_time": "2018-01-15T09:41:41.961Z", "user": 1, "content_type": 56, "object_id": "2", "object_repr": "English", "action_flag": 3, "change_message": ""}}, {"model": "admin.logentry", "pk": 171, "fields": {"action_time": "2018-01-15T09:41:41.972Z", "user": 1, "content_type": 56, "object_id": "1", "object_repr": "Kannada", "action_flag": 3, "change_message": ""}}, {"model": "admin.logentry", "pk": 172, "fields": {"action_time": "2018-01-15T09:42:33.990Z", "user": 1, "content_type": 56, "object_id": "16", "object_repr": "Kannada", "action_flag": 1, "change_message": "Added."}}, {"model": "admin.logentry", "pk": 173, "fields": {"action_time": "2018-01-15T09:43:00.493Z", "user": 1, "content_type": 56, "object_id": "16", "object_repr": "Kannada", "action_flag": 2, "change_message": "No fields changed."}}, {"model": "admin.logentry", "pk": 174, "fields": {"action_time": "2018-01-15T09:43:13.726Z", "user": 1, "content_type": 56, "object_id": "16", "object_repr": "Kannada", "action_flag": 2, "change_message": "Changed created_at."}}]